﻿dicom_file_path,patient_id,study_id,image_type,acquisition_date,is_tampered
/dicom/92f5feed-282c-45ea-a682-1db5cd7c2978.dcm,PAT_016,STUDY_822a8f,Ultrasound,2024-01-13,False
/dicom/1d747254-24e3-429f-ad1d-83c8b538c475.dcm,PAT_050,STUDY_1f6f9f,MRI,2024-01-27,False
/dicom/8850ba43-b582-4281-8eb2-1ba051ed31fa.dcm,PAT_038,STUDY_64748f,Ultrasound,2024-01-08,False
/dicom/52acc575-9160-45c7-b503-e8ec110ac1dc.dcm,PAT_001,STUDY_702329,Ultrasound,2024-01-10,False
/dicom/13cfb92d-31b0-432e-88b9-c340c041e40e.dcm,PAT_033,STUDY_72d17d,CT,2024-01-13,False
/dicom/7d6d215f-505a-4b2e-abda-ae119af91b0a.dcm,PAT_022,STUDY_7a3253,MRI,2024-01-12,False
/dicom/7da98f4d-6aa1-4a7d-93bd-95fe841614b9.dcm,PAT_041,STUDY_6dfb37,Ultrasound,2024-01-18,False
/dicom/8cd7c9b6-cbcc-4129-8208-981698aad002.dcm,PAT_010,STUDY_2ecdbd,CT,2024-01-04,False
/dicom/c5f46e3e-7cb2-4b2a-b361-9bec809ac9fc.dcm,PAT_011,STUDY_ab33b4,Ultrasound,2024-01-10,False
/dicom/a949c442-95d0-49d8-a80a-6aded22e53db.dcm,PAT_026,STUDY_c7623a,MRI,2024-01-20,False
/dicom/0b2b3386-97f0-4f90-8265-afba598f88c8.dcm,PAT_022,STUDY_afdb2c,Ultrasound,2024-01-09,False
/dicom/5ad05fa3-87cd-4921-9d82-9685845a6160.dcm,PAT_001,STUDY_224db8,CT,2024-01-14,False
/dicom/51bbd44c-7fe0-47fc-afb8-110c06a3717f.dcm,PAT_017,STUDY_3f21b8,Ultrasound,2024-01-12,False
/dicom/0fa4e126-e211-4508-9bb0-21e5638a57ec.dcm,PAT_043,STUDY_f0f990,MRI,2024-01-10,False
/dicom/3bcc414f-e9ff-4860-9a4c-6ab1f8e84db1.dcm,PAT_046,STUDY_72bc0c,Ultrasound,2024-01-09,False
/dicom/698e27df-dd9f-4ea1-a9c7-e03fa8f5bd9d.dcm,PAT_049,STUDY_1f90bd,MRI,2024-01-28,False
/dicom/5b18ed72-4ab9-4215-a45d-f845a0a95b3c.dcm,PAT_048,STUDY_519eda,MRI,2024-01-20,True
/dicom/389483d9-019f-4c81-a88b-37b03964cf9b.dcm,PAT_035,STUDY_4a66fb,Ultrasound,2024-01-26,False
/dicom/d5eae088-1836-41c0-9585-f65f4a9624a2.dcm,PAT_002,STUDY_6cbde0,Ultrasound,2024-01-06,False
/dicom/f1fe7ee2-1f49-4ef7-964e-9be1a9600e7a.dcm,PAT_039,STUDY_9bbf2a,Ultrasound,2024-01-18,False
/dicom/53200eb9-6c81-4eb9-bf41-3f900f63ee52.dcm,PAT_006,STUDY_732cc9,CT,2024-01-10,False
/dicom/7b737ea0-5fcf-404e-bf6a-ad2778140cd6.dcm,PAT_017,STUDY_e5cc91,Ultrasound,2024-01-20,False
/dicom/42ec093b-6889-48cb-a143-25e2a554c302.dcm,PAT_003,STUDY_f0d024,Ultrasound,2024-01-15,False
/dicom/0c262125-6f63-4f05-bc62-109d9aaf14a5.dcm,PAT_034,STUDY_56e206,CT,2024-01-07,False
/dicom/44fc8dfd-f573-4bed-bf67-25291c20aece.dcm,PAT_023,STUDY_e18297,CT,2024-01-26,False
/dicom/d331c1ae-af82-4010-880d-61120d30faaf.dcm,PAT_001,STUDY_d07618,CT,2024-01-03,False
/dicom/6d72417a-c70b-4422-b662-a90869cfd06d.dcm,PAT_025,STUDY_d1afcb,CT,2024-01-30,True
/dicom/a16f585d-0abc-42fd-90c8-b921eda41cf3.dcm,PAT_013,STUDY_a39c16,MRI,2024-01-25,False
/dicom/0a87d7ee-005e-4feb-adda-50bffb438d02.dcm,PAT_028,STUDY_39f557,Ultrasound,2024-01-24,False
/dicom/bd976a2a-eb92-48ed-b98e-5df6601d27b7.dcm,PAT_047,STUDY_155e03,CT,2024-01-03,False
/dicom/50138e7d-334c-4781-91ff-6dc487a73b68.dcm,PAT_038,STUDY_63fee5,CT,2024-01-04,False
/dicom/f451edfd-f9e7-41a1-8ce0-4e317184472b.dcm,PAT_011,STUDY_6fee73,Ultrasound,2024-01-14,False
/dicom/3899bcc9-8e2e-4c65-9c6c-3a7fbe434c0e.dcm,PAT_036,STUDY_0803d6,MRI,2024-01-20,False
/dicom/18011fd3-17a8-4e3a-a5ef-f557a153f71c.dcm,PAT_030,STUDY_a37753,MRI,2024-01-08,False
/dicom/1a39b620-4496-409e-a6a8-e0ac92513b76.dcm,PAT_016,STUDY_f55a7f,CT,2024-01-02,True
/dicom/3d6c7677-e804-4e3f-9bfb-347f33b11995.dcm,PAT_010,STUDY_691328,MRI,2024-01-21,False
/dicom/4ec81ee2-6ec3-4a71-a663-582dfbde3fa3.dcm,PAT_006,STUDY_7760cc,CT,2024-01-24,False
/dicom/249c08e9-e234-4675-ad89-9d21fd103767.dcm,PAT_020,STUDY_b241c7,CT,2024-01-29,False
/dicom/b46e0f6f-4af2-4d1d-b4a7-fed54771b3dc.dcm,PAT_016,STUDY_1fc29e,CT,2024-01-10,False
/dicom/37a3387e-ba46-4bfd-9c00-407f6a10312d.dcm,PAT_002,STUDY_d19374,MRI,2024-01-14,False
/dicom/49d35fb5-5746-4411-bbc9-5802670a0dd1.dcm,PAT_037,STUDY_ffdd2e,MRI,2024-01-06,False
/dicom/781ed4aa-1018-4b20-bb62-cc90b4503fe9.dcm,PAT_010,STUDY_06cbcc,Ultrasound,2024-01-10,False
/dicom/a243d36f-6241-40d4-b451-ccdcd9eb9980.dcm,PAT_026,STUDY_6ef6e7,CT,2024-01-24,False
/dicom/f3339424-1bcc-42a4-8d2f-c6215b90766b.dcm,PAT_017,STUDY_a0c3e5,Ultrasound,2024-01-02,False
/dicom/379de16f-0413-485a-a00c-08ab8e791925.dcm,PAT_035,STUDY_809c34,Ultrasound,2024-01-03,False
/dicom/dc81a4a3-2658-44fb-a71d-4dee997a6d70.dcm,PAT_028,STUDY_3fe76f,CT,2024-01-14,False
/dicom/b9d7d339-06d4-4cf7-ae60-b4d7511bed00.dcm,PAT_039,STUDY_16bb92,MRI,2024-01-05,False
/dicom/e969a9bd-ad6c-447d-a74b-ba4960183558.dcm,PAT_001,STUDY_4f67c3,CT,2024-01-21,False
/dicom/1b35fcc7-3baf-49cd-abc4-e0038f12b191.dcm,PAT_022,STUDY_70c1ba,Ultrasound,2024-01-08,False
/dicom/e0132116-d1cf-41e9-aaa4-2c0193932598.dcm,PAT_006,STUDY_620956,CT,2024-01-02,True
/dicom/441066fc-84c8-4d0c-8175-330e74c03d89.dcm,PAT_035,STUDY_e1fb5a,MRI,2024-01-07,False
/dicom/b6396771-33d7-4847-8fdf-a0d46a439a46.dcm,PAT_034,STUDY_747515,Ultrasound,2024-01-07,False
/dicom/6a984b79-e4de-45a1-8f5f-6ea129140cb6.dcm,PAT_046,STUDY_5369cb,CT,2024-01-10,False
/dicom/f7129c50-5b11-4f97-a207-b94a2cdc23fb.dcm,PAT_014,STUDY_9f107a,Ultrasound,2024-01-01,False
/dicom/20fac588-1242-47d9-80fc-731beed5f3e1.dcm,PAT_037,STUDY_2718bb,CT,2024-01-21,False
/dicom/ea6351ae-5e3e-4919-a5fb-b1fdeb37d271.dcm,PAT_023,STUDY_ee91fa,MRI,2024-01-22,False
/dicom/3ae1f99d-048a-4b0f-8c25-87381c5bf74f.dcm,PAT_009,STUDY_94a6d0,MRI,2024-01-27,False
/dicom/95e4c9b0-872f-4354-8ddc-1c75de450d00.dcm,PAT_033,STUDY_bb781d,Ultrasound,2024-01-10,False
/dicom/5123f695-ba1a-49e5-946d-ba12e464180c.dcm,PAT_015,STUDY_e40917,MRI,2024-01-30,False
/dicom/5036a6a4-a443-43b2-8875-4646e28f7e41.dcm,PAT_039,STUDY_e6f3f6,CT,2024-01-08,False
/dicom/f2c67cde-d9d3-438d-bec1-0eb43d068070.dcm,PAT_010,STUDY_d6b5d4,MRI,2024-01-20,False
/dicom/77dc014c-9152-4a73-ad2f-9805d08958bd.dcm,PAT_038,STUDY_e8fc12,MRI,2024-01-24,False
/dicom/be77ef2a-f5bc-41b1-a8bd-9eba9be53f5b.dcm,PAT_048,STUDY_fffa14,CT,2024-01-13,False
/dicom/1ff628c0-732f-4952-9e61-c4acc98c16ee.dcm,PAT_011,STUDY_69bd78,CT,2024-01-17,False
/dicom/12c79395-769c-4cd8-9d96-8dad3e2fe575.dcm,PAT_019,STUDY_1e524c,CT,2024-01-24,False
/dicom/97ab05a3-7d99-4205-9b30-e78e814557ea.dcm,PAT_037,STUDY_46e529,MRI,2024-01-22,False
/dicom/0a2bf8ed-eccd-4222-9729-eda6cc30e0de.dcm,PAT_048,STUDY_af012b,Ultrasound,2024-01-11,False
/dicom/4d1d8035-1147-4584-9edf-022eb9881f7c.dcm,PAT_022,STUDY_f1bb9a,Ultrasound,2024-01-13,False
/dicom/0d344bc9-a55c-48a6-bad4-b6ba26b784bc.dcm,PAT_045,STUDY_b51a20,Ultrasound,2024-01-16,False
/dicom/8188f3dd-302f-47ab-9418-29427d7c4cb3.dcm,PAT_023,STUDY_1d28da,CT,2024-01-13,False
/dicom/3edc379b-8846-4457-9700-42fd5180c19d.dcm,PAT_006,STUDY_1f1552,CT,2024-01-23,False
/dicom/0ca59074-5443-4366-b453-0408e4296cf6.dcm,PAT_018,STUDY_7245f1,CT,2024-01-19,False
/dicom/9c8d2216-a778-4668-a211-cf1d5736461b.dcm,PAT_032,STUDY_2e2044,MRI,2024-01-21,False
/dicom/6a8b6756-cced-4409-90c9-d150119975c1.dcm,PAT_034,STUDY_fdd721,Ultrasound,2024-01-10,False
/dicom/9f630847-11fc-4bb0-a99d-93c1d07ef5be.dcm,PAT_003,STUDY_d9f93d,Ultrasound,2024-01-21,False
/dicom/da817622-6895-4ffb-af6b-76908c39ae42.dcm,PAT_010,STUDY_3af0ac,Ultrasound,2024-01-27,False
/dicom/68eedeb2-ae5d-45c6-909c-5b7ce98f29d9.dcm,PAT_024,STUDY_15f71b,MRI,2024-01-08,False
/dicom/58eb548d-bd40-4a1b-8ee9-84f7afcee579.dcm,PAT_030,STUDY_6d6539,MRI,2024-01-18,False
/dicom/fd03daae-aa78-41dc-9ef1-9152027a5673.dcm,PAT_027,STUDY_e66221,CT,2024-01-21,False
/dicom/a4f2f4a9-a139-4737-b622-1cfc93f6303e.dcm,PAT_012,STUDY_595c19,MRI,2024-01-18,False
/dicom/f1c955ff-c816-4543-bc14-817bd259333d.dcm,PAT_028,STUDY_158fe2,Ultrasound,2024-01-02,False
/dicom/37976d59-c5a1-4b1b-b2e7-70e790782cc5.dcm,PAT_036,STUDY_d77419,CT,2024-01-27,False
/dicom/13e2333d-8e8b-4362-9158-3fa54009824d.dcm,PAT_003,STUDY_8770b9,Ultrasound,2024-01-18,False
/dicom/ef05437f-8064-4abb-a121-4cf23adfa8f0.dcm,PAT_018,STUDY_057fe9,Ultrasound,2024-01-28,True
/dicom/5345df20-3bca-4d1f-9554-362ab54bb25c.dcm,PAT_026,STUDY_70dd9f,MRI,2024-01-06,False
/dicom/a546b80f-030f-49d6-a647-c14bf9fc9bc9.dcm,PAT_006,STUDY_68d365,Ultrasound,2024-01-23,False
/dicom/ec7f24b7-1849-4c2f-bc97-049af22f06e3.dcm,PAT_037,STUDY_83bff9,Ultrasound,2024-01-17,False
/dicom/60be3665-fe54-438e-82bc-8fa0c1f39b03.dcm,PAT_044,STUDY_d15be2,Ultrasound,2024-01-30,False
/dicom/380c5e7b-3874-4c07-9049-ef03d331e15e.dcm,PAT_050,STUDY_b364e9,MRI,2024-01-08,False
/dicom/79fd5d49-0e3f-452e-a699-abfb6b9904ac.dcm,PAT_018,STUDY_88bd86,MRI,2024-01-12,False
/dicom/423fa2a0-c4c8-4e96-a740-836df11a3c95.dcm,PAT_018,STUDY_975539,CT,2024-01-14,False
/dicom/4f9aa97a-b5ef-4db9-909d-2f400444eef3.dcm,PAT_021,STUDY_438fc1,MRI,2024-01-10,False
/dicom/87877752-1bdb-4064-886f-12834e7abc65.dcm,PAT_011,STUDY_dd2a5e,CT,2024-01-10,True
/dicom/e139e166-d1b4-4790-b754-e4551d3fdca9.dcm,PAT_021,STUDY_b86cc2,MRI,2024-01-29,False
/dicom/d89fecb3-068e-478b-96c7-17b2abf27ae1.dcm,PAT_025,STUDY_7b8ab1,Ultrasound,2024-01-01,False
/dicom/0537f0a4-8162-406f-bfce-8cbf8389f820.dcm,PAT_024,STUDY_f98c3b,Ultrasound,2024-01-15,False
/dicom/672f7fb2-abf0-42d1-bbd1-d44634c11b9e.dcm,PAT_016,STUDY_4b8175,CT,2024-01-24,False
/dicom/8725f142-d961-4cd6-9493-82fc7c5b2864.dcm,PAT_024,STUDY_fbe5d6,MRI,2024-01-10,False
/dicom/7d7f5afd-81c5-414e-8bd1-e90d0abebc12.dcm,PAT_041,STUDY_aa96f5,CT,2024-01-20,False
/dicom/905b4193-0266-4390-b216-3ec5b5e41e05.dcm,PAT_015,STUDY_275bea,CT,2024-01-04,False
/dicom/f8c8add0-d961-48fa-94d2-e075ece1d443.dcm,PAT_041,STUDY_d32b89,MRI,2024-01-12,False
/dicom/cd347826-8861-4c22-b98e-76d883bbc04d.dcm,PAT_034,STUDY_8f5b32,Ultrasound,2024-01-01,False
/dicom/70d8efea-eb47-449b-96aa-a349ef19c0eb.dcm,PAT_048,STUDY_06a9e3,CT,2024-01-10,False
/dicom/cf31c3a9-6791-41b4-9283-370e0d181d82.dcm,PAT_018,STUDY_fbbeae,MRI,2024-01-08,False
/dicom/e805a5cc-6923-462c-8c5c-5c39bec4e036.dcm,PAT_046,STUDY_c866b3,Ultrasound,2024-01-26,False
/dicom/9b2ed5a6-760d-4559-a045-904896ad25c4.dcm,PAT_049,STUDY_ef5311,CT,2024-01-24,False
/dicom/f106c75e-eb22-4581-ad1e-f0cdd2f60b88.dcm,PAT_049,STUDY_f59cd1,MRI,2024-01-11,False
/dicom/1ee2d8fb-52bb-4ff9-a56a-4d782cf28612.dcm,PAT_048,STUDY_afbf16,MRI,2024-01-02,False
/dicom/91e663fa-179a-458f-9caf-dc9e714af185.dcm,PAT_002,STUDY_2c6570,Ultrasound,2024-01-01,False
/dicom/fc1b4f96-19b6-4903-8283-50806b0514ee.dcm,PAT_018,STUDY_15d8c4,CT,2024-01-08,False
/dicom/13f26522-b83d-421c-bdd2-fb2df7de9ef5.dcm,PAT_038,STUDY_db8d9f,MRI,2024-01-25,False
/dicom/b7bedec8-809c-4f85-85b2-6b4619527bd9.dcm,PAT_033,STUDY_6d3bb8,MRI,2024-01-09,False
/dicom/cb50ba85-4a1c-48b8-adb8-8c0da31aeff3.dcm,PAT_050,STUDY_7de942,Ultrasound,2024-01-07,False
/dicom/a5ed1171-9cc9-4e19-9c97-4e33947cb0c8.dcm,PAT_024,STUDY_cef4fa,CT,2024-01-25,False
/dicom/b1c7e02e-704f-4b43-bb0c-f372e3aeace5.dcm,PAT_035,STUDY_74ef95,MRI,2024-01-02,False
/dicom/c70d7f97-4433-4689-b2e5-b051f31b6bee.dcm,PAT_049,STUDY_b8607a,MRI,2024-01-25,False
/dicom/0470efba-49e5-4885-9937-6342281c0114.dcm,PAT_010,STUDY_07367f,MRI,2024-01-07,False
/dicom/c30c93dd-ea5f-4b7a-8759-beecb39cb17a.dcm,PAT_035,STUDY_74f1b3,Ultrasound,2024-01-26,False
/dicom/cd44159a-4fad-42f4-8851-8c51af9698af.dcm,PAT_035,STUDY_255387,Ultrasound,2024-01-06,False
/dicom/3bfcf07f-bf32-400c-beb8-efe3b5a37e4e.dcm,PAT_008,STUDY_9fb688,Ultrasound,2024-01-07,False
/dicom/c65ad361-dfeb-480d-a5c5-da7c8f68892b.dcm,PAT_042,STUDY_ff290e,CT,2024-01-27,False
/dicom/f9e92fff-b189-4454-90be-669c8258b140.dcm,PAT_013,STUDY_582204,Ultrasound,2024-01-15,False
/dicom/732e4059-aea8-4add-ab97-afd14d8b7e23.dcm,PAT_011,STUDY_0bb556,CT,2024-01-07,False
/dicom/44b8c73e-254f-4bfa-a175-bbe52f9c76d4.dcm,PAT_026,STUDY_944beb,MRI,2024-01-10,False
/dicom/9335a71c-db52-4351-915c-de87010d328c.dcm,PAT_020,STUDY_346846,MRI,2024-01-18,False
/dicom/32515fe8-9488-4b97-a9d8-f922c3f566d9.dcm,PAT_040,STUDY_e4dd19,MRI,2024-01-18,False
/dicom/d256f27f-f974-431b-bca6-3fafaa23c490.dcm,PAT_026,STUDY_0681f5,Ultrasound,2024-01-12,False
/dicom/374d2955-0ad8-4489-92ba-e584e8845046.dcm,PAT_027,STUDY_47f0c8,MRI,2024-01-18,False
/dicom/e54ece60-19b1-4d25-87c9-7375922dafd0.dcm,PAT_017,STUDY_1427ae,CT,2024-01-15,False
/dicom/1fbfafb9-fd24-4e22-af7d-d53721e65925.dcm,PAT_008,STUDY_ef7acf,MRI,2024-01-10,False
/dicom/9f2cd462-af48-46a9-aba8-98a33128afff.dcm,PAT_018,STUDY_f6433a,CT,2024-01-20,False
/dicom/f1116e21-41d2-405f-b2e0-a258ae1d2bed.dcm,PAT_039,STUDY_9e013c,MRI,2024-01-03,False
/dicom/f3843128-fa0f-46ea-a789-979964d0e713.dcm,PAT_035,STUDY_ac0d51,MRI,2024-01-16,False
/dicom/ee95d465-4dd3-4a13-9e4d-3b6a0f67bffd.dcm,PAT_050,STUDY_ead285,CT,2024-01-29,False
/dicom/e36f1928-2c95-4b9e-83c2-8086bb8d12bd.dcm,PAT_050,STUDY_97351b,CT,2024-01-28,False
/dicom/5e305b3e-1518-4249-bd7d-4c4ba7df9fd6.dcm,PAT_029,STUDY_e79242,MRI,2024-01-12,False
/dicom/7f4d3d29-db55-4966-a7bc-44388a76cc97.dcm,PAT_020,STUDY_e48ed3,Ultrasound,2024-01-01,False
/dicom/321c75e5-20b0-4b58-93a7-49b9327de745.dcm,PAT_018,STUDY_cbfb48,Ultrasound,2024-01-17,False
/dicom/e072c6e4-ac92-43cc-9447-8e339c45b04d.dcm,PAT_047,STUDY_e2566b,Ultrasound,2024-01-12,False
/dicom/31fad972-1868-4230-82a1-da06ec4c1028.dcm,PAT_026,STUDY_83b26a,MRI,2024-01-05,False
/dicom/6ef81029-76f7-44b9-91c6-4bad803a236c.dcm,PAT_044,STUDY_786740,Ultrasound,2024-01-10,False
/dicom/e5339ad9-cecc-4c4a-959c-521dd5f116ce.dcm,PAT_035,STUDY_0e9b03,CT,2024-01-18,False
/dicom/f779565f-2bed-45fc-b546-47db7b98e3fc.dcm,PAT_017,STUDY_606fb8,Ultrasound,2024-01-22,False
/dicom/36a9df7b-04e8-42ac-a4b8-f1d09e4f6c95.dcm,PAT_012,STUDY_8efe58,CT,2024-01-03,False
/dicom/3aca0165-fbb6-4ec5-b2fb-7fc658ae72a0.dcm,PAT_018,STUDY_87bc7f,CT,2024-01-28,False
/dicom/f76b58b4-181b-41e5-a1f0-8d98ad559ed1.dcm,PAT_014,STUDY_f878c4,CT,2024-01-25,True
/dicom/e4dea5ed-c1c9-4ca3-94e0-93575b08e001.dcm,PAT_034,STUDY_9dbacf,Ultrasound,2024-01-11,True
/dicom/e58a87bb-686f-4453-bcb2-73137d757bd1.dcm,PAT_033,STUDY_0563ea,MRI,2024-01-17,False
/dicom/801c2ce5-eb3a-4ef6-a4b0-ba3e3e33b1d2.dcm,PAT_023,STUDY_730c90,Ultrasound,2024-01-10,False
/dicom/67dca8f8-3a46-4d1b-b4dd-bf35fa45cc1d.dcm,PAT_028,STUDY_0f24df,MRI,2024-01-29,False
/dicom/823474a0-9963-4020-884f-5c204855a20c.dcm,PAT_001,STUDY_047c9b,CT,2024-01-01,False
/dicom/1dd2c5e1-d5b0-4de2-aea2-6ad920c6dec0.dcm,PAT_029,STUDY_ed450c,MRI,2024-01-24,False
/dicom/71e2e27d-b5fb-43c6-9090-290e10edeb5e.dcm,PAT_022,STUDY_ef0fe4,Ultrasound,2024-01-29,False
/dicom/5535dc53-4796-4172-929f-d94689737c72.dcm,PAT_009,STUDY_c94270,MRI,2024-01-27,False
/dicom/450a3d4f-c6e8-4835-a35e-525df20ad603.dcm,PAT_049,STUDY_700a69,MRI,2024-01-02,False
/dicom/9c7e8130-a8d1-40a4-b101-3848e81a6dc4.dcm,PAT_024,STUDY_7e3a6a,CT,2024-01-06,False
/dicom/d01cd92f-3cd9-4d29-91f0-2d517797bdc6.dcm,PAT_030,STUDY_cea888,MRI,2024-01-08,False
/dicom/5d5a43a6-753f-4332-adcb-1a28ebc68491.dcm,PAT_035,STUDY_c5c765,MRI,2024-01-30,False
/dicom/1d73bcac-e55f-4866-a8f1-1c38ca823eb2.dcm,PAT_048,STUDY_47b0d6,MRI,2024-01-15,False
/dicom/0d43c473-63fd-4b02-958e-4c961f671fb7.dcm,PAT_015,STUDY_f4186b,Ultrasound,2024-01-16,False
/dicom/e3064ab3-5d11-4242-bd4e-a453dd38ed12.dcm,PAT_043,STUDY_878fe6,Ultrasound,2024-01-25,False
/dicom/9cb3e811-2dad-4fac-8dc7-6b426f9ba418.dcm,PAT_049,STUDY_64faec,MRI,2024-01-18,True
/dicom/8024ffe9-7ce5-4161-aa68-f6e6ad8739ab.dcm,PAT_050,STUDY_68fe80,MRI,2024-01-06,False
/dicom/64c37b30-4e47-4bdb-8228-bbe37c58f979.dcm,PAT_006,STUDY_2cc744,Ultrasound,2024-01-04,False
/dicom/22c4ff43-9f47-44db-8ac1-1fb8e0483013.dcm,PAT_049,STUDY_6007a7,MRI,2024-01-29,False
/dicom/2977f976-d4fb-49d6-bff8-e739f3cb4e7e.dcm,PAT_049,STUDY_5d2150,MRI,2024-01-11,False
/dicom/93036f1c-71af-4dde-9000-5a956ff715f1.dcm,PAT_028,STUDY_c8f817,MRI,2024-01-27,False
/dicom/1d5abbba-cc2e-4c68-b624-ef3a9989b591.dcm,PAT_005,STUDY_ad82ac,MRI,2024-01-08,False
/dicom/2c51101a-4e02-42b7-a047-435d9d2c6b8c.dcm,PAT_002,STUDY_483426,CT,2024-01-12,False
/dicom/1eafabb7-f883-43b8-989f-b0a29da89f57.dcm,PAT_039,STUDY_6a1bb3,Ultrasound,2024-01-08,False
/dicom/803dd8d5-d9f5-4ddf-ae27-fa621d622fe8.dcm,PAT_047,STUDY_8bc7f1,CT,2024-01-01,False
/dicom/2e42c330-dd3e-4f68-9104-2dc7676d9423.dcm,PAT_018,STUDY_8a0283,CT,2024-01-18,False
/dicom/63f65f7f-01ec-426c-8dc5-2b93e33d312c.dcm,PAT_005,STUDY_7aac69,MRI,2024-01-15,False
/dicom/d6ce4c85-ade0-4899-b05f-0d382f1add86.dcm,PAT_005,STUDY_d5273b,Ultrasound,2024-01-06,True
/dicom/38292352-1f96-4270-b280-438e76d20b6c.dcm,PAT_028,STUDY_1e6372,Ultrasound,2024-01-26,False
/dicom/3d057cf4-b6c7-479d-8ccc-de4bb3403578.dcm,PAT_008,STUDY_cb1ca0,CT,2024-01-15,False
/dicom/c49ea3c8-3fb1-4aab-b7dd-baa27c534bae.dcm,PAT_019,STUDY_1ede01,Ultrasound,2024-01-09,False
/dicom/c2f6a0b8-cac2-47d6-ad54-9c811711ac80.dcm,PAT_026,STUDY_0a88a0,Ultrasound,2024-01-27,False
/dicom/ea05c309-0775-439c-987b-6c46a2b47056.dcm,PAT_036,STUDY_006f44,CT,2024-01-06,False
/dicom/f3715ab7-e5e3-422e-9702-4454c2db4ada.dcm,PAT_002,STUDY_a0a7a9,MRI,2024-01-16,False
/dicom/53504a7a-92c2-42be-a31d-4d6c869cd2eb.dcm,PAT_017,STUDY_84dd7b,MRI,2024-01-21,False
/dicom/c07c9404-9376-4976-82d8-4f0c5a33620c.dcm,PAT_021,STUDY_179649,Ultrasound,2024-01-09,False
/dicom/34ca5845-2665-489f-bf70-31099f8f6995.dcm,PAT_036,STUDY_089151,MRI,2024-01-23,False
/dicom/79fcd363-4cfb-408b-a1f1-729e1d277217.dcm,PAT_031,STUDY_e7b26c,Ultrasound,2024-01-01,False
/dicom/5d4fdb83-70bf-45f8-8a28-e6cc686212ba.dcm,PAT_043,STUDY_bed131,Ultrasound,2024-01-30,True
/dicom/101100cf-cd2b-4676-b7bd-71a3c7f099c4.dcm,PAT_048,STUDY_b7f9b7,MRI,2024-01-27,False
/dicom/a49e07b6-5996-4ee9-84ff-df9142c9e623.dcm,PAT_005,STUDY_20ebdb,CT,2024-01-30,False
/dicom/2c53d0c1-fbd6-45ac-99e1-d2f8ba62cd23.dcm,PAT_014,STUDY_f22db7,CT,2024-01-02,False
/dicom/a573139d-3225-4608-9348-f2f871a1b0b7.dcm,PAT_028,STUDY_1b1928,CT,2024-01-21,False
/dicom/aad1fe6d-58ba-42c9-aed9-3bf544314c82.dcm,PAT_031,STUDY_5b0a06,CT,2024-01-25,False
/dicom/f6337769-ab3d-496a-88e9-04c34b2fb605.dcm,PAT_002,STUDY_1ddf83,CT,2024-01-05,False
/dicom/41eb8646-3b5c-47b5-ab38-428f6d29973d.dcm,PAT_017,STUDY_c9e068,Ultrasound,2024-01-13,False
/dicom/270db8d2-f9ac-45e8-9117-8c6ea46e7590.dcm,PAT_009,STUDY_b4c4ef,CT,2024-01-30,False
/dicom/fc9c2e07-06b0-45ef-889a-1de3fdf367d6.dcm,PAT_007,STUDY_f56969,CT,2024-01-02,False
/dicom/c39b5446-916d-487e-94b2-a838078311ac.dcm,PAT_044,STUDY_161f83,MRI,2024-01-23,False
/dicom/fa675fb8-9d71-4470-bf13-5991557e08c7.dcm,PAT_028,STUDY_544c63,MRI,2024-01-30,True
/dicom/3e190f04-33ab-486e-bcfe-42321d650e37.dcm,PAT_006,STUDY_1b46e9,Ultrasound,2024-01-20,False
/dicom/8d31ddac-aac1-459b-91ae-f01922a27eb0.dcm,PAT_050,STUDY_6589ab,MRI,2024-01-11,False
/dicom/e8d07314-bd28-4ba7-a509-f7acf5b7d47a.dcm,PAT_029,STUDY_61c79a,CT,2024-01-19,False
/dicom/c75289f6-91c7-486e-978e-25fce0e84e24.dcm,PAT_020,STUDY_33d742,MRI,2024-01-22,False
/dicom/7f380aa7-6b43-454c-a425-faf4c057031e.dcm,PAT_017,STUDY_5e093b,Ultrasound,2024-01-02,False
/dicom/2049af9f-69f0-4b6f-84cb-c19d7ac84398.dcm,PAT_037,STUDY_1db846,MRI,2024-01-17,False
/dicom/32d69bfc-5c79-4888-827c-701daa9fed08.dcm,PAT_050,STUDY_aa9692,CT,2024-01-11,False
/dicom/5fadf692-6100-4a49-9456-b0b3a645b703.dcm,PAT_008,STUDY_787e4f,Ultrasound,2024-01-19,False
/dicom/22826a2e-8556-4d2a-b4a7-f22aad577260.dcm,PAT_029,STUDY_d26025,CT,2024-01-03,False
/dicom/dbdf8a82-b35e-4357-bcef-dd8ac2f3dbcd.dcm,PAT_027,STUDY_3fbb7f,CT,2024-01-23,False
/dicom/3bde1363-e1e1-4a48-90d5-99480b8a1cba.dcm,PAT_011,STUDY_2853f7,CT,2024-01-25,False
/dicom/80532a4c-76a4-47e9-91a9-c7bc31c11721.dcm,PAT_039,STUDY_28f907,Ultrasound,2024-01-24,False
/dicom/05401be9-c869-4289-900c-e3ae303f4acf.dcm,PAT_021,STUDY_8cfcc3,MRI,2024-01-16,False
/dicom/815b8487-8fbe-4f22-a8bb-17dbec71d0cd.dcm,PAT_024,STUDY_d6105a,MRI,2024-01-28,False
/dicom/5b89c99b-7157-4a5e-969d-a0f3d73df5d9.dcm,PAT_033,STUDY_e26e97,MRI,2024-01-06,False
/dicom/2531390e-2e3a-4162-ad02-7cfd7c55476c.dcm,PAT_018,STUDY_0521b4,CT,2024-01-14,False
/dicom/e3b5051e-fa64-4fdb-8d8f-bceb1019f85a.dcm,PAT_012,STUDY_d7035f,Ultrasound,2024-01-09,False
/dicom/9c7ad2bd-130a-4261-91ca-c99e4706ade3.dcm,PAT_025,STUDY_af2897,CT,2024-01-29,False
/dicom/2a54d3fe-1950-4b89-b8e4-720e5b647021.dcm,PAT_039,STUDY_a3f3a0,MRI,2024-01-07,True
/dicom/962ca7fb-8933-4e3b-9da3-40ccf88b7a78.dcm,PAT_034,STUDY_8d26a5,Ultrasound,2024-01-29,False
/dicom/b430b19e-794c-46c9-b832-31d86d6fdf71.dcm,PAT_018,STUDY_bd2b52,MRI,2024-01-26,False
/dicom/3aac42b1-f98d-4649-a406-582878d977e7.dcm,PAT_004,STUDY_2fb013,Ultrasound,2024-01-22,False
/dicom/14b4cbb2-e37d-4456-a29a-13639a70b080.dcm,PAT_021,STUDY_3ec094,Ultrasound,2024-01-23,False
/dicom/0c63ce05-cc8a-440f-b94c-7725826a8df4.dcm,PAT_028,STUDY_061449,MRI,2024-01-12,False
/dicom/8b0ee3be-a944-4755-8fbb-3eb08abd11c1.dcm,PAT_005,STUDY_4438f0,MRI,2024-01-11,False
/dicom/3383ce25-4b8a-41dd-a03a-fd6027e57e78.dcm,PAT_022,STUDY_d8e965,Ultrasound,2024-01-05,False
/dicom/12f834a5-ac4d-4598-8184-9402e9d159b7.dcm,PAT_043,STUDY_062933,Ultrasound,2024-01-03,False
/dicom/ec463428-137d-4f7a-bd06-d42dcb2159c4.dcm,PAT_009,STUDY_0dfbc3,Ultrasound,2024-01-24,False
/dicom/7e749dfc-c8ca-48d6-9196-fedd8b57e446.dcm,PAT_018,STUDY_42c263,CT,2024-01-20,False
/dicom/1d6700d2-d31e-4d11-a8d4-37b281ec3046.dcm,PAT_002,STUDY_b02f20,MRI,2024-01-21,False
/dicom/dcd88e92-9d02-4b39-ac99-4dc1d2d9ddb5.dcm,PAT_012,STUDY_2c2e7a,Ultrasound,2024-01-24,False
/dicom/36825634-6fc9-4c43-8476-914aab0be7dd.dcm,PAT_043,STUDY_2c4430,MRI,2024-01-21,False
/dicom/43b73407-3f85-42e9-81c7-5330163d1f0b.dcm,PAT_002,STUDY_e9705d,CT,2024-01-27,False
/dicom/c88cc96d-3d87-4c9f-bab3-4aa23a7fe478.dcm,PAT_020,STUDY_c7e1d7,Ultrasound,2024-01-01,False
/dicom/e179932b-f993-432f-8db2-6cf7f8196827.dcm,PAT_019,STUDY_622029,CT,2024-01-13,False
/dicom/587256ec-fcc0-45bc-8386-42bdb521e273.dcm,PAT_009,STUDY_9f2450,MRI,2024-01-14,False
/dicom/fa2bfb90-a648-4d7c-80d9-e98d81339e91.dcm,PAT_047,STUDY_e9d918,Ultrasound,2024-01-20,False
/dicom/273dfd08-dfb4-4b5b-a2b7-d87b7988f729.dcm,PAT_037,STUDY_2cd54d,MRI,2024-01-19,False
/dicom/a9c17642-23f1-4e22-875d-72a1790ba5b0.dcm,PAT_048,STUDY_d238ce,Ultrasound,2024-01-29,False
/dicom/a716a4fc-def3-470d-822a-02215639b94a.dcm,PAT_021,STUDY_c0bd46,CT,2024-01-15,False
/dicom/1a12a7e0-08e2-4bdf-8ddc-5f37d2fe3734.dcm,PAT_017,STUDY_84f224,CT,2024-01-03,False
/dicom/97edc3a1-2f1b-4c01-add2-d0aeffa806e9.dcm,PAT_044,STUDY_fae11b,CT,2024-01-11,False
/dicom/5645b710-ebab-4a8e-adaf-2940b4c1fd60.dcm,PAT_016,STUDY_7f8f65,Ultrasound,2024-01-07,False
/dicom/7bf49161-3a4f-4724-9111-37711aa55744.dcm,PAT_040,STUDY_7378e5,Ultrasound,2024-01-01,False
/dicom/212177b6-ccc8-4869-b160-19a413a94efd.dcm,PAT_028,STUDY_f73a91,CT,2024-01-09,False
/dicom/1e4d1324-4176-40b3-9998-73e0f9cdeb2d.dcm,PAT_027,STUDY_5efd0d,Ultrasound,2024-01-27,False
/dicom/9b8fe4d8-3f39-491f-8a6e-d79aa4cfe93d.dcm,PAT_043,STUDY_50b190,CT,2024-01-02,True
/dicom/cb0d4268-3463-4a82-95af-5bb207538159.dcm,PAT_033,STUDY_624d1d,CT,2024-01-27,False
/dicom/2a36b025-bc0b-4d33-9c4e-7cf2460e2e37.dcm,PAT_027,STUDY_7c7d8d,Ultrasound,2024-01-15,False
/dicom/7d7496e0-d4b2-4b26-9c48-26448be66fbf.dcm,PAT_005,STUDY_0b60d5,Ultrasound,2024-01-29,False
/dicom/a15f1e6d-3f0b-4f82-a555-3a144dc46f8b.dcm,PAT_002,STUDY_e9e354,Ultrasound,2024-01-02,False
/dicom/f08bd757-00cb-41f6-9ff5-68eb567bcee5.dcm,PAT_002,STUDY_3f1766,CT,2024-01-15,False
/dicom/e1af1d7b-9293-4b7e-9ffb-53f2200959ad.dcm,PAT_021,STUDY_8d45cd,Ultrasound,2024-01-26,False
/dicom/816dc687-02d1-4bbd-9e92-b0bdf46ccc56.dcm,PAT_041,STUDY_2cf763,Ultrasound,2024-01-14,False
/dicom/60add7f9-2cc7-4204-b78f-70569de57068.dcm,PAT_050,STUDY_3ecd87,Ultrasound,2024-01-08,False
/dicom/e8b332e5-4ec8-4df4-a84f-30b29eeaa4ac.dcm,PAT_017,STUDY_3981d2,CT,2024-01-07,False
/dicom/00561a23-a099-412b-bde2-8520a549fae4.dcm,PAT_032,STUDY_2be0d1,MRI,2024-01-01,False
/dicom/19f538b9-7314-4707-9a12-62f4b153df25.dcm,PAT_041,STUDY_0e75df,MRI,2024-01-19,False
/dicom/26f4a3cb-5cd8-428f-85fa-af9b0fd05641.dcm,PAT_025,STUDY_689e83,MRI,2024-01-28,False
/dicom/86413dd9-aace-497e-8324-88800f0179ee.dcm,PAT_037,STUDY_ba357f,MRI,2024-01-07,False
/dicom/131a0688-2345-430c-8a68-45beb653238d.dcm,PAT_007,STUDY_07ba8f,MRI,2024-01-05,True
/dicom/43fec94f-d14e-421e-a828-1fb3a2832161.dcm,PAT_018,STUDY_e51500,MRI,2024-01-16,True
/dicom/a4bbac5c-b497-40a0-8fbe-912f2ba461b2.dcm,PAT_001,STUDY_f10e2f,Ultrasound,2024-01-11,False
/dicom/844fd417-88b4-462b-b1a6-36a12eb85863.dcm,PAT_041,STUDY_4e2061,MRI,2024-01-28,False
/dicom/ab790241-0ecb-47a3-9880-639d06d363bc.dcm,PAT_034,STUDY_adc15b,MRI,2024-01-15,False
/dicom/87970e44-6994-430a-96d9-287c3dd01755.dcm,PAT_025,STUDY_8e3835,MRI,2024-01-15,False
/dicom/32660869-6892-4b49-b55d-a2195b1683eb.dcm,PAT_027,STUDY_70330c,Ultrasound,2024-01-07,False
/dicom/e0be39d1-2688-4099-bfff-08a80566dec8.dcm,PAT_035,STUDY_06d47f,Ultrasound,2024-01-07,False
/dicom/4741455f-ec51-41d6-b5f1-3f4d5f629555.dcm,PAT_017,STUDY_fa7faa,Ultrasound,2024-01-23,False
/dicom/9dbba7c8-0fea-498d-8f44-d042a907aa8b.dcm,PAT_021,STUDY_2bb9db,CT,2024-01-12,False
/dicom/4de52b8d-2919-42b9-a23f-6a648c9c3d76.dcm,PAT_038,STUDY_4d1d70,CT,2024-01-09,False
/dicom/06af7efa-8cd7-495c-b6e8-a139977841d7.dcm,PAT_017,STUDY_b046a8,Ultrasound,2024-01-02,False
/dicom/18607aef-c3ad-47c4-a177-3cb999145149.dcm,PAT_027,STUDY_bb6160,Ultrasound,2024-01-17,False
/dicom/6936e342-3055-4271-8132-cb74827409ad.dcm,PAT_003,STUDY_a11b97,CT,2024-01-06,False
/dicom/d0e312a9-020c-4454-a4b4-14ca101aeae5.dcm,PAT_038,STUDY_50ad03,Ultrasound,2024-01-30,False
/dicom/86c8f9e4-0ef6-4ae2-920d-513ed3743c7e.dcm,PAT_044,STUDY_335f48,Ultrasound,2024-01-20,False
/dicom/383f2f0d-ba59-4e45-8883-2f3f8946a2ac.dcm,PAT_044,STUDY_a2221d,CT,2024-01-27,False
/dicom/26c7c04f-4b49-48ed-8139-7d66504e723b.dcm,PAT_013,STUDY_8281f1,Ultrasound,2024-01-10,False
/dicom/0640e71a-330f-4b2e-90c9-4eadc4385aa3.dcm,PAT_020,STUDY_fe1bc0,MRI,2024-01-11,False
/dicom/3df578dd-5c0b-4352-8d89-b60a6f4c9add.dcm,PAT_015,STUDY_4f4760,MRI,2024-01-27,False
/dicom/2f8093e3-3c6a-4aaf-b9b8-9a5ec51598f0.dcm,PAT_032,STUDY_6e3f0e,MRI,2024-01-15,False
/dicom/7b732743-bfc5-4863-9757-9f22741a5347.dcm,PAT_006,STUDY_b75ed2,CT,2024-01-18,False
/dicom/dbfcc682-512f-4706-87cc-454728136c09.dcm,PAT_032,STUDY_c63ce8,CT,2024-01-15,False
/dicom/c0ac67ad-a36a-403d-a699-3a3be3f6f9fe.dcm,PAT_014,STUDY_ec4064,MRI,2024-01-28,False
/dicom/a22ce36b-52ef-4830-87d3-36fecb1f6bf7.dcm,PAT_033,STUDY_631157,CT,2024-01-03,False
/dicom/3277d1d9-4fa4-42be-8016-fa4c30ae50a2.dcm,PAT_010,STUDY_614985,CT,2024-01-02,False
/dicom/d2deca4f-7f53-4334-b4b5-d8c24fa504f0.dcm,PAT_018,STUDY_a65dea,MRI,2024-01-26,False
/dicom/793c99ab-6dae-43d4-abce-adcfbcded6d0.dcm,PAT_046,STUDY_9f3360,MRI,2024-01-05,False
/dicom/1a4a303b-1564-4a38-9692-1450233960d8.dcm,PAT_033,STUDY_c541b0,Ultrasound,2024-01-21,False
/dicom/eb556085-151a-478e-bf01-69be1eee9a17.dcm,PAT_006,STUDY_16cfc8,MRI,2024-01-20,True
/dicom/96b3e06c-c15d-4a13-a5d7-1789fe1756f5.dcm,PAT_047,STUDY_fb42bc,Ultrasound,2024-01-07,False
/dicom/eb7839bd-3d7a-4c92-84b9-c01187f55a69.dcm,PAT_004,STUDY_be5783,MRI,2024-01-26,False
/dicom/fa3ea078-ea5c-479d-abd0-789f69206f05.dcm,PAT_017,STUDY_56ef8d,MRI,2024-01-04,False
/dicom/d3a241e8-f4db-4d71-9779-58a5722d37aa.dcm,PAT_014,STUDY_bc2ad0,Ultrasound,2024-01-21,False
/dicom/0512ff94-550b-4441-b0ea-44d81ecc236a.dcm,PAT_001,STUDY_30f629,MRI,2024-01-11,False
/dicom/d31b2d9f-a1d0-45d2-806d-bb63ab255128.dcm,PAT_041,STUDY_952cc2,CT,2024-01-12,False
/dicom/f020eea4-9490-4ea5-97d9-cd0cb68e48a1.dcm,PAT_040,STUDY_ee5f25,MRI,2024-01-21,False
/dicom/ee6e6784-f372-4610-89ec-88bb87ef4f1f.dcm,PAT_031,STUDY_c8870c,CT,2024-01-20,False
/dicom/ee3913f2-b3d9-48ad-b458-e582c588e1d3.dcm,PAT_028,STUDY_c82110,Ultrasound,2024-01-29,False
/dicom/9c2c828d-a38e-4044-a3f1-32ea68d71219.dcm,PAT_006,STUDY_3de61c,MRI,2024-01-28,False
/dicom/dfdfcb07-6459-49ab-9892-81c3cfca2911.dcm,PAT_002,STUDY_21e30b,CT,2024-01-17,False
/dicom/89c4fe03-612a-4f8b-a85e-7221264e0643.dcm,PAT_049,STUDY_62c214,CT,2024-01-04,True
/dicom/cca1d160-353c-42b5-9a77-7bff1fbdfa72.dcm,PAT_037,STUDY_ad0add,Ultrasound,2024-01-11,True
/dicom/dc7ce5f2-b4fb-4845-8a3e-e293933fd132.dcm,PAT_026,STUDY_58bea5,MRI,2024-01-18,False
/dicom/b813b21d-0114-4420-9f6b-e6524001c232.dcm,PAT_012,STUDY_12c532,CT,2024-01-21,False
/dicom/3933206f-0990-4316-9f08-5db8346055e0.dcm,PAT_040,STUDY_a7b245,CT,2024-01-10,False
/dicom/8197d4fc-41d1-415f-a70c-0d8ea5cbb912.dcm,PAT_014,STUDY_ece600,MRI,2024-01-20,False
/dicom/39d9aa8e-2950-47a6-aff8-00e5da34f71d.dcm,PAT_002,STUDY_da6925,Ultrasound,2024-01-20,False
/dicom/f3232490-211d-433e-b5e6-afae2c33c3f5.dcm,PAT_020,STUDY_3e7c21,MRI,2024-01-30,False
/dicom/32c6850e-e65e-437c-ab4f-43d9b1381b0f.dcm,PAT_004,STUDY_0f03ec,CT,2024-01-27,True
/dicom/18de6275-5ea8-4181-9895-4fe380723e97.dcm,PAT_030,STUDY_cd10a4,CT,2024-01-25,False
/dicom/46833606-8669-4db9-ac08-46daf24c90da.dcm,PAT_046,STUDY_49e368,MRI,2024-01-25,False
/dicom/7cecdb4b-df59-45d5-b58f-c75af874e59a.dcm,PAT_014,STUDY_6412e2,Ultrasound,2024-01-24,False
/dicom/34f46438-e843-4836-b6e4-702e1f4ba3c9.dcm,PAT_038,STUDY_3c7194,MRI,2024-01-19,False
/dicom/5adbe8d7-9022-4fb6-9590-3797ca71a8b1.dcm,PAT_020,STUDY_5c1f05,MRI,2024-01-08,False
/dicom/24386d0e-79ed-4a7a-8711-30ca777751dc.dcm,PAT_017,STUDY_1b50f2,MRI,2024-01-03,False
/dicom/f216b080-044c-4b8a-89fd-aee659849c3f.dcm,PAT_025,STUDY_cecd1f,MRI,2024-01-03,False
/dicom/1aa7d7fb-0e00-4a76-8d98-79b35e84fdc4.dcm,PAT_038,STUDY_ff6c5f,Ultrasound,2024-01-09,False
/dicom/8d301e96-652c-4357-85b8-ca1051a8dab3.dcm,PAT_028,STUDY_f1f31b,Ultrasound,2024-01-12,False
/dicom/6b039a13-09b4-48f6-9402-7e33afd4165e.dcm,PAT_025,STUDY_65dbc1,CT,2024-01-10,False
/dicom/4715c69c-f225-42a0-905c-a01459929e62.dcm,PAT_006,STUDY_95ed9f,CT,2024-01-11,False
/dicom/1c10c297-5852-481a-aa43-5db181282087.dcm,PAT_010,STUDY_6b0188,MRI,2024-01-17,False
/dicom/c91505b0-1e63-43f2-a8a6-a69e0dc31f22.dcm,PAT_041,STUDY_f28b0a,MRI,2024-01-10,True
/dicom/63476bef-0d01-4dbd-bde6-4ec643bfbf68.dcm,PAT_039,STUDY_c88752,CT,2024-01-18,False
/dicom/d8b4b412-e2cc-4e3c-bd3d-25349f43be34.dcm,PAT_045,STUDY_75a6bb,Ultrasound,2024-01-17,False
/dicom/2e919b69-1f71-47b2-8a96-2208e6e1293b.dcm,PAT_028,STUDY_e2b48d,Ultrasound,2024-01-20,False
/dicom/7f464ed1-f309-471e-a1d8-6dcf82ee2a91.dcm,PAT_006,STUDY_523ddb,Ultrasound,2024-01-11,False
/dicom/c425f7e5-62ed-4937-bc3b-00461f444d35.dcm,PAT_034,STUDY_f73afb,Ultrasound,2024-01-11,False
/dicom/c1f1378e-5906-42db-a2aa-36d4446b56df.dcm,PAT_006,STUDY_5c7c68,MRI,2024-01-24,False
/dicom/05ebd6aa-96c0-455a-acdb-891b2bef942c.dcm,PAT_046,STUDY_b2890e,Ultrasound,2024-01-02,False
/dicom/4b5e3f91-d87d-4ada-8f45-53650691c652.dcm,PAT_049,STUDY_896ec3,MRI,2024-01-21,False
/dicom/f6419724-fb17-45ec-9681-92bd1baacd12.dcm,PAT_029,STUDY_ed8901,Ultrasound,2024-01-15,False
/dicom/bbaff437-b3d8-46e2-892a-317c65d59232.dcm,PAT_046,STUDY_6cabfe,MRI,2024-01-22,False
/dicom/9ce16eba-e05e-4dd8-9623-9ee576e6010c.dcm,PAT_020,STUDY_5e2330,Ultrasound,2024-01-04,False
/dicom/7fda4a5f-9bbc-48b2-bbd5-753888abd5f7.dcm,PAT_025,STUDY_144d31,Ultrasound,2024-01-11,False
/dicom/ee86de95-501d-4b5f-9aa8-bbffea5165e4.dcm,PAT_031,STUDY_8e579c,CT,2024-01-27,True
/dicom/e6dad753-5d66-4453-83f9-fe71d94f88c1.dcm,PAT_009,STUDY_78114a,Ultrasound,2024-01-15,False
/dicom/61c475aa-80d0-4a77-8112-c5ec71978c7c.dcm,PAT_025,STUDY_caefbf,CT,2024-01-01,False
/dicom/d9af85a9-1f63-4f84-b3c4-fd0224d659c7.dcm,PAT_042,STUDY_22185f,Ultrasound,2024-01-22,True
/dicom/9692358b-c808-4680-9085-25b8987c4117.dcm,PAT_006,STUDY_3039ef,Ultrasound,2024-01-10,False
/dicom/0a170cc6-8ccf-4ca8-bcd4-16c54efb4ce3.dcm,PAT_046,STUDY_6f2476,Ultrasound,2024-01-13,False
/dicom/f52d8a44-df99-4b83-a58c-2ebb94ac8b0f.dcm,PAT_024,STUDY_761fc9,Ultrasound,2024-01-10,False
/dicom/7c0c980a-315f-4d3d-987c-a49a12229a4c.dcm,PAT_012,STUDY_22ceb3,CT,2024-01-18,False
/dicom/28c33872-794b-42d0-a3ce-d6aa27df09c9.dcm,PAT_029,STUDY_fada0d,CT,2024-01-22,False
/dicom/a63c0cac-07cc-4540-a55f-4e00c8faaff5.dcm,PAT_028,STUDY_8ac03c,Ultrasound,2024-01-12,False
/dicom/3d170bdc-3806-4e1f-b14f-b248859b8441.dcm,PAT_033,STUDY_a565df,MRI,2024-01-21,False
/dicom/d38944ff-a29c-4b75-800c-d89ed17e4585.dcm,PAT_047,STUDY_13479b,CT,2024-01-09,False
/dicom/91284d29-bb30-4633-a750-eed1429b40c1.dcm,PAT_029,STUDY_1044b0,MRI,2024-01-25,False
/dicom/a396de3e-1cc4-451f-9be2-50eed7fc64ff.dcm,PAT_015,STUDY_9d82f3,Ultrasound,2024-01-27,False
/dicom/2de6ebfb-bc30-4996-945c-1a56dc27d1d2.dcm,PAT_023,STUDY_370fc4,CT,2024-01-18,False
/dicom/0980a6ea-be79-4d08-a294-57b183466a0b.dcm,PAT_012,STUDY_fb44d3,CT,2024-01-29,False
/dicom/3705d05c-f977-4774-a905-dabd2346047e.dcm,PAT_031,STUDY_40e0c6,MRI,2024-01-04,False
/dicom/905b0143-216f-4f5a-96b2-f695a7390043.dcm,PAT_013,STUDY_c9b08f,Ultrasound,2024-01-10,False
/dicom/a0a59e9b-8465-4336-9c70-32262b002ec6.dcm,PAT_050,STUDY_ac5830,MRI,2024-01-01,False
/dicom/1566c2a2-ec27-4201-a616-efcd5ae0dce9.dcm,PAT_037,STUDY_a5dcf3,MRI,2024-01-17,True
/dicom/1349f5b7-5999-4e28-ad2c-87c734145f6c.dcm,PAT_001,STUDY_47cbf3,MRI,2024-01-12,False
/dicom/fd5351eb-07a0-4e17-9c2a-6f3ecc031868.dcm,PAT_022,STUDY_c5c569,MRI,2024-01-23,False
/dicom/91e24a57-baa7-412c-bdde-5507fa2bb946.dcm,PAT_009,STUDY_558cb8,CT,2024-01-19,False
/dicom/55765318-f6b8-4feb-af59-57c026752f55.dcm,PAT_039,STUDY_15f1d6,MRI,2024-01-28,False
/dicom/cbde9d87-effc-419c-aa1b-799d6d2dc877.dcm,PAT_050,STUDY_ae63ca,Ultrasound,2024-01-28,True
/dicom/e9608ea6-c7dd-41ae-92a7-6a6df8f4adbc.dcm,PAT_004,STUDY_5443e5,CT,2024-01-11,False
/dicom/2c8636b4-d389-4fd3-9b51-752a4b884b27.dcm,PAT_023,STUDY_b2ab09,MRI,2024-01-21,False
/dicom/52abb6a8-df25-427a-a2fd-8557493d86bc.dcm,PAT_029,STUDY_19af4d,MRI,2024-01-02,False
/dicom/f0685be7-440f-4e72-adcf-8f1c04c467c3.dcm,PAT_003,STUDY_028c7a,Ultrasound,2024-01-06,False
/dicom/baa08ce3-89bd-4d2c-8077-e197a1e1c971.dcm,PAT_022,STUDY_20637c,CT,2024-01-30,False
/dicom/1daa88af-7a14-4120-85b1-99c38ed8d6d5.dcm,PAT_030,STUDY_dea303,CT,2024-01-11,False
/dicom/d28afcd7-27a3-442f-a409-a2593f06c6b8.dcm,PAT_047,STUDY_25dded,CT,2024-01-22,False
/dicom/43f64eba-2bca-4c2d-8339-f8537bc22e6a.dcm,PAT_009,STUDY_ec57cd,CT,2024-01-12,False
/dicom/a7d8c536-d8cd-4a4b-b970-b9e58c3b4eb5.dcm,PAT_044,STUDY_6880c6,Ultrasound,2024-01-03,False
/dicom/26b1b534-18cc-4d3c-85ea-0930f11b86b2.dcm,PAT_029,STUDY_ef85e4,MRI,2024-01-20,False
/dicom/707caacd-019a-46fb-8e03-8af9cfd1b4d8.dcm,PAT_021,STUDY_bf2bba,CT,2024-01-27,False
/dicom/ba5b87a3-4da9-41c4-aeda-143483a2f66d.dcm,PAT_001,STUDY_0312ca,Ultrasound,2024-01-05,False
/dicom/8c7fa9f4-09eb-4cf0-ba8d-883bb3583272.dcm,PAT_039,STUDY_1c6991,Ultrasound,2024-01-10,False
/dicom/84f9b730-8298-435d-883d-4f9abe1f95b7.dcm,PAT_022,STUDY_ce1980,MRI,2024-01-25,False
/dicom/bbdde3e0-48d8-420a-958d-1a93f1ed56d2.dcm,PAT_025,STUDY_e39935,MRI,2024-01-24,False
/dicom/b921000d-c28e-4d9a-af91-595f05e1f7ee.dcm,PAT_012,STUDY_24d164,CT,2024-01-21,False
/dicom/fa6fed4a-ef6c-4451-944c-85c3500cd12f.dcm,PAT_020,STUDY_e95fc2,MRI,2024-01-21,False
/dicom/fb1bff8e-ba59-476a-a214-3aeaffef1a73.dcm,PAT_049,STUDY_56666b,MRI,2024-01-29,False
/dicom/c5c9691b-3e53-464e-91a7-53f511fea6f0.dcm,PAT_027,STUDY_e3dff8,CT,2024-01-07,False
/dicom/799978ef-6b2f-4379-a06a-3fcd5bdc4cce.dcm,PAT_037,STUDY_cb0ea5,Ultrasound,2024-01-06,False
/dicom/3cd437fe-25b1-47db-9686-b5bd2cf56265.dcm,PAT_040,STUDY_53733c,Ultrasound,2024-01-18,False
/dicom/bcff6ff7-578f-4bb1-8a8d-8b7b8c783dd3.dcm,PAT_043,STUDY_e5acb1,Ultrasound,2024-01-27,False
/dicom/3e595337-64db-4cdf-9844-13f0d7899781.dcm,PAT_025,STUDY_d2f334,CT,2024-01-21,False
/dicom/5bf1242c-1e74-4067-8a8d-3474ffe654aa.dcm,PAT_026,STUDY_553557,CT,2024-01-20,False
/dicom/962bd16b-e755-4a3f-8c12-fa8dda23c96b.dcm,PAT_018,STUDY_c20e7b,Ultrasound,2024-01-29,False
/dicom/55edcd79-8e93-4d8a-b759-b51e7c3c12e7.dcm,PAT_044,STUDY_e92fe8,Ultrasound,2024-01-05,False
/dicom/4bc80560-3ba4-499d-ab78-e2cd1ab986b0.dcm,PAT_015,STUDY_87c9ac,CT,2024-01-24,False
/dicom/fb5d5d4b-d2f1-44e9-8fff-b76bb2543009.dcm,PAT_040,STUDY_f28cbd,CT,2024-01-24,False
/dicom/2709e15b-72f6-4137-8fc9-2dca63220be2.dcm,PAT_009,STUDY_5f76f0,CT,2024-01-25,False
/dicom/aaa171e5-ac73-4cf5-a679-8785ac0e650e.dcm,PAT_008,STUDY_eb2fac,CT,2024-01-16,False
/dicom/e13bf3eb-081d-457d-baf5-ed54b84e1abf.dcm,PAT_019,STUDY_c06e02,CT,2024-01-20,False
/dicom/b0179e8f-2396-4c62-ab1a-355693eb019f.dcm,PAT_031,STUDY_9b96d4,MRI,2024-01-23,True
/dicom/f792e416-73ca-4512-8525-9da202c7f61f.dcm,PAT_020,STUDY_9b5c7a,Ultrasound,2024-01-17,False
/dicom/e015d3cd-f904-4515-8995-5a74907c4aa4.dcm,PAT_006,STUDY_fe2b1c,CT,2024-01-11,False
/dicom/b7d5cdd5-e11f-4dc1-a932-6d435629b16c.dcm,PAT_043,STUDY_732fe4,MRI,2024-01-18,False
/dicom/74ea7c5a-039b-4b8f-a3f4-f18e0bfb2152.dcm,PAT_002,STUDY_746f97,MRI,2024-01-25,False
/dicom/82b8d41e-b20f-4ba0-a8db-38532a9d103b.dcm,PAT_009,STUDY_35ec1b,Ultrasound,2024-01-30,False
/dicom/b65a60e6-1680-4666-8c49-c156e034d506.dcm,PAT_039,STUDY_095c82,CT,2024-01-15,False
/dicom/c199ee6d-289e-4cc6-84f4-9f4efbe9223f.dcm,PAT_022,STUDY_ef1079,MRI,2024-01-17,False
/dicom/97f5eb5d-a238-4965-a46b-8285ff1b26c6.dcm,PAT_037,STUDY_407bb7,Ultrasound,2024-01-04,False
/dicom/c1762503-c163-4c6e-9283-da9349b5ecb4.dcm,PAT_026,STUDY_14946e,MRI,2024-01-03,False
/dicom/7128cb5d-8005-446c-a66f-fac5def9b1fe.dcm,PAT_012,STUDY_450b0e,CT,2024-01-20,False
/dicom/ceb8c43f-c981-4b55-8f8c-bf53a1284c41.dcm,PAT_021,STUDY_aa11fd,CT,2024-01-03,False
/dicom/a8265117-fc05-4059-a950-a4090bf339d2.dcm,PAT_037,STUDY_5bb8d2,Ultrasound,2024-01-22,False
/dicom/f57f892d-114a-481a-9a9c-469d4900feee.dcm,PAT_018,STUDY_c85b02,CT,2024-01-15,False
/dicom/45f83db3-82f3-456c-b7c3-6b2547bda631.dcm,PAT_012,STUDY_629abe,Ultrasound,2024-01-03,False
/dicom/a84f426a-efd8-41e5-bf80-d7c6114a08bd.dcm,PAT_028,STUDY_389c1e,CT,2024-01-18,False
/dicom/f29896dc-2d79-4efe-b61d-d8e33f1cdc7b.dcm,PAT_021,STUDY_0504e6,CT,2024-01-24,False
/dicom/c7a0d1e6-5a48-4d76-a5e1-7efd5630b1ca.dcm,PAT_034,STUDY_a83784,CT,2024-01-12,False
/dicom/deebbe50-71e6-4b76-b309-299283be03d2.dcm,PAT_007,STUDY_6527c9,CT,2024-01-08,False
/dicom/b668b24d-0c52-4f21-b73e-8f4c677cb7d4.dcm,PAT_030,STUDY_248981,Ultrasound,2024-01-10,True
/dicom/9a4c67f6-35ed-4d10-8725-932b2628b901.dcm,PAT_039,STUDY_6a9b55,MRI,2024-01-07,True
/dicom/bfc93fae-beea-4130-801a-91d5ebb1fd8e.dcm,PAT_039,STUDY_c08eee,Ultrasound,2024-01-23,False
/dicom/b3b579b3-2292-4436-87c4-90b5812037a8.dcm,PAT_039,STUDY_999324,Ultrasound,2024-01-13,False
/dicom/bf3ab2c6-0ae1-42ec-bac6-648574e85950.dcm,PAT_028,STUDY_e45ea8,Ultrasound,2024-01-07,False
/dicom/3c337fdb-6a43-427f-adaa-a37295654151.dcm,PAT_034,STUDY_3b4d24,Ultrasound,2024-01-01,False
/dicom/15b78d54-776c-4b25-a55f-348daee73cff.dcm,PAT_016,STUDY_d13fa1,MRI,2024-01-02,False
/dicom/a9588165-03d9-43b9-8614-7a5560fe1214.dcm,PAT_007,STUDY_ce4806,MRI,2024-01-10,False
/dicom/5996fcf1-1038-494a-8847-5c347a3ab236.dcm,PAT_031,STUDY_de0fae,MRI,2024-01-10,False
/dicom/e3a7355b-3c9d-4d83-9358-59fd85312d1c.dcm,PAT_001,STUDY_d6c598,Ultrasound,2024-01-28,False
/dicom/2fc41548-0fbe-48e0-b551-ea48f4bdef0f.dcm,PAT_028,STUDY_1bbabf,Ultrasound,2024-01-01,False
/dicom/2393d088-933a-4dc5-9497-75993336f17d.dcm,PAT_033,STUDY_7e488a,MRI,2024-01-15,False
/dicom/367fa09e-b2b3-49e2-9e3b-5d787864e656.dcm,PAT_019,STUDY_3b147f,Ultrasound,2024-01-12,False
/dicom/d2859c65-7408-4493-83fc-a4cb1de47496.dcm,PAT_006,STUDY_77e8ba,CT,2024-01-20,False
/dicom/ce7330c9-a795-457e-ad76-bbe315d8a033.dcm,PAT_034,STUDY_21772a,CT,2024-01-01,False
/dicom/d30d6fcd-07ee-4913-8d4b-fd6921eac3e0.dcm,PAT_004,STUDY_11fdaa,Ultrasound,2024-01-02,False
/dicom/7dc4858c-a097-44b7-b8b2-67d29c608ff6.dcm,PAT_005,STUDY_a71565,Ultrasound,2024-01-29,False
/dicom/eb3dc479-7a01-4412-ab24-5112a42be376.dcm,PAT_038,STUDY_3acd1e,MRI,2024-01-19,False
/dicom/8ff6890a-a462-48de-aa40-ab7da1eea669.dcm,PAT_003,STUDY_267f55,MRI,2024-01-28,False
/dicom/c170771f-9863-4283-b873-10e27338cff4.dcm,PAT_031,STUDY_b49e66,CT,2024-01-06,False
/dicom/68260e31-9f73-477f-8e59-148897a4c933.dcm,PAT_045,STUDY_569f56,MRI,2024-01-20,False
/dicom/8dd8522d-428b-4895-8787-97dc0743695d.dcm,PAT_012,STUDY_142c01,Ultrasound,2024-01-08,False
/dicom/5bd8d1f0-f973-403f-9961-0d5fc9806498.dcm,PAT_016,STUDY_09d173,MRI,2024-01-24,False
/dicom/8eec092c-9828-4992-ade8-91a5d206c283.dcm,PAT_030,STUDY_e95ed1,MRI,2024-01-02,False
/dicom/4dbcd674-2f3f-41b9-8313-cbbf1fd06497.dcm,PAT_013,STUDY_4d4335,Ultrasound,2024-01-17,True
/dicom/c9ef666c-8c09-40ea-8f62-c2e856b651c4.dcm,PAT_002,STUDY_65f3e0,Ultrasound,2024-01-01,False
/dicom/ff7f4787-be02-47d1-a45e-9a46178ddc40.dcm,PAT_001,STUDY_f3cf03,Ultrasound,2024-01-24,False
/dicom/c894acae-afea-47ff-b121-99dde494d324.dcm,PAT_041,STUDY_972d58,MRI,2024-01-03,False
/dicom/350addfc-bad0-4c66-829c-fd6620f44c14.dcm,PAT_008,STUDY_2f247b,MRI,2024-01-14,False
/dicom/d65712d5-477f-4c6e-b83d-4237fdbac6ca.dcm,PAT_012,STUDY_50d13e,CT,2024-01-22,False
/dicom/46786ef2-f65d-4533-9523-78fcd872c1f7.dcm,PAT_019,STUDY_bc688c,Ultrasound,2024-01-03,False
/dicom/e5bc6510-7c78-47af-9294-fbecbe57057a.dcm,PAT_042,STUDY_1f15fa,MRI,2024-01-07,True
/dicom/8636f537-ecea-4f0f-b1c3-7836ee5f9038.dcm,PAT_001,STUDY_c7b5ec,MRI,2024-01-23,False
/dicom/77633fe5-3219-4164-94e8-6766cafb991d.dcm,PAT_005,STUDY_a98a6f,MRI,2024-01-23,False
/dicom/891062d0-a60a-4080-a2d0-56d0e456ae63.dcm,PAT_036,STUDY_141097,Ultrasound,2024-01-30,False
/dicom/0a8140f0-90cb-4ec7-a811-5a99454170e4.dcm,PAT_003,STUDY_d7360b,CT,2024-01-01,False
/dicom/77998b39-8da0-4869-9f05-51e8bde88c4e.dcm,PAT_026,STUDY_12b8ab,MRI,2024-01-07,False
/dicom/584afb82-5bb1-4bd0-8674-c9c9b2f29846.dcm,PAT_001,STUDY_c42fb2,CT,2024-01-08,False
/dicom/ab7e9567-f068-4d8c-a6b8-7a4182089c22.dcm,PAT_047,STUDY_130f38,Ultrasound,2024-01-12,False
/dicom/a1216382-17ec-4ef6-9f42-53274e203c08.dcm,PAT_008,STUDY_221c73,Ultrasound,2024-01-08,True
/dicom/e2edc5e5-6942-4c12-90ba-c2e354a46581.dcm,PAT_046,STUDY_808880,CT,2024-01-23,False
/dicom/55e62c36-888f-4c90-892f-387ecc69be00.dcm,PAT_038,STUDY_6174cf,MRI,2024-01-01,False
/dicom/a43b2ffb-bd81-48b6-bf7d-321a01819bbc.dcm,PAT_016,STUDY_708fb3,Ultrasound,2024-01-13,False
/dicom/2c32453e-3ba9-4aa0-96e4-7fd8930de6b1.dcm,PAT_037,STUDY_0c2795,MRI,2024-01-09,False
/dicom/05656f5b-3e94-418d-918d-557d1504491d.dcm,PAT_046,STUDY_d2fa27,CT,2024-01-23,False
/dicom/7a1d6ab6-2ed1-4193-9008-db408a586027.dcm,PAT_006,STUDY_bd59d3,Ultrasound,2024-01-05,False
/dicom/5818aaa7-742e-492c-bf70-08cef6173640.dcm,PAT_020,STUDY_9977c9,MRI,2024-01-15,False
/dicom/321312f3-d9e9-40c5-b1d1-fd0afcb0516e.dcm,PAT_045,STUDY_403ed3,Ultrasound,2024-01-19,False
/dicom/f231e6ab-dc14-47c5-8ef0-e763389927da.dcm,PAT_002,STUDY_bd9655,CT,2024-01-20,False
/dicom/a15f896e-e15a-444c-bcb8-0c0f48ac2dfc.dcm,PAT_023,STUDY_1afe64,CT,2024-01-28,False
/dicom/222b8d90-a9c0-4ba1-9e85-12857633bd30.dcm,PAT_046,STUDY_b33206,Ultrasound,2024-01-01,False
/dicom/b6571664-e10b-491f-88ee-3955cd7ac96f.dcm,PAT_013,STUDY_a4e654,MRI,2024-01-09,False
/dicom/2a264171-7a60-41e9-9723-ff4083346c3b.dcm,PAT_019,STUDY_3f89b9,Ultrasound,2024-01-13,False
/dicom/cb9d5141-b899-4676-8036-85b76a0a18c3.dcm,PAT_017,STUDY_0d2244,MRI,2024-01-17,False
/dicom/7b66ba1a-49cc-468e-ab98-0d2667c029ac.dcm,PAT_037,STUDY_f79be0,MRI,2024-01-02,False
/dicom/b5657c23-962c-41e4-bad7-c35945281d7d.dcm,PAT_005,STUDY_66c1ec,MRI,2024-01-01,False
/dicom/412f2557-0040-4370-8dcc-30627c660eaf.dcm,PAT_041,STUDY_b64135,Ultrasound,2024-01-29,False
/dicom/e11cd668-5fd8-4bd8-9743-aef8895c902c.dcm,PAT_035,STUDY_aecafc,Ultrasound,2024-01-13,False
/dicom/97ba419f-12b7-409b-8e66-76ed8c721290.dcm,PAT_010,STUDY_39260f,CT,2024-01-26,False
/dicom/fc3a08e5-8bed-4585-87e8-16c8071fbe61.dcm,PAT_046,STUDY_ad0a72,CT,2024-01-16,False
/dicom/49ed4e25-b3e0-4ecb-8ae3-19f2297665ee.dcm,PAT_027,STUDY_796eec,MRI,2024-01-21,False
/dicom/188aba95-c28e-41f3-84ce-9f4bdbab2cd8.dcm,PAT_001,STUDY_7dc60e,Ultrasound,2024-01-07,False
/dicom/0f425392-2f8c-4846-958a-fba7e3793339.dcm,PAT_016,STUDY_a2d547,MRI,2024-01-21,False
/dicom/d508de2b-1dba-4a1d-9106-2135fd78a58f.dcm,PAT_030,STUDY_51b282,MRI,2024-01-18,False
/dicom/348aaf2a-3901-4b35-8449-174f7d289cb9.dcm,PAT_036,STUDY_44bc7f,MRI,2024-01-18,False
/dicom/a04c35d0-5a1b-4756-b821-42d7808a4b37.dcm,PAT_046,STUDY_306da9,CT,2024-01-01,False
/dicom/5cc7e90d-b973-477d-b8ac-927d0ae674a1.dcm,PAT_045,STUDY_7a8b8d,CT,2024-01-25,False
/dicom/a79d2903-8c90-4646-8ffb-7d884cc8da89.dcm,PAT_029,STUDY_0e5b0f,CT,2024-01-24,False
/dicom/4ff6415d-23bc-412e-983f-d50ea3b4ba17.dcm,PAT_032,STUDY_ccf75e,MRI,2024-01-01,False
/dicom/d3e6d27e-756c-4d49-9de5-d4add47c7c7e.dcm,PAT_005,STUDY_0d2c9d,Ultrasound,2024-01-08,False
/dicom/27a1d621-7114-4bb6-8b64-861937f9246c.dcm,PAT_004,STUDY_6ceec1,CT,2024-01-09,True
/dicom/471546aa-7381-450f-ac4d-453b7c5b62ed.dcm,PAT_004,STUDY_649a8a,Ultrasound,2024-01-20,False
/dicom/62c9347f-19af-497d-8a8a-2a1bd0693b38.dcm,PAT_041,STUDY_4d4422,Ultrasound,2024-01-12,False
/dicom/c8af804a-ef0c-4905-a6bd-6b88fe2fa1b1.dcm,PAT_030,STUDY_717725,Ultrasound,2024-01-15,False
/dicom/809d694d-4901-4b55-82bb-152624c99799.dcm,PAT_023,STUDY_0f385b,MRI,2024-01-15,False
/dicom/3f002dec-e3f2-4ff6-bc0b-0ad25dc8e271.dcm,PAT_015,STUDY_066aa7,CT,2024-01-04,False
/dicom/7cd3f6d0-ff7e-46ec-a756-84efe4bc1c55.dcm,PAT_023,STUDY_ae3608,MRI,2024-01-07,False
/dicom/725f86f3-b675-4112-8042-15df6d78497d.dcm,PAT_003,STUDY_b83852,MRI,2024-01-12,False
/dicom/fdb34ab7-f3c6-41bb-a9e6-76055db240d0.dcm,PAT_038,STUDY_9d9db0,MRI,2024-01-22,False
/dicom/d2810cc3-75ef-466f-86c1-0de1d630e7c0.dcm,PAT_033,STUDY_5e7850,Ultrasound,2024-01-24,False
/dicom/28504d4b-a2fd-40e1-a654-27cd78a60471.dcm,PAT_041,STUDY_b1b631,CT,2024-01-21,False
/dicom/472ab606-08f9-4c81-9c58-b7902f35f7e0.dcm,PAT_010,STUDY_02fc40,Ultrasound,2024-01-29,False
/dicom/a66a3217-223b-4d61-8663-534170618492.dcm,PAT_047,STUDY_97f310,Ultrasound,2024-01-18,False
/dicom/b540a3fe-ef97-4609-9bd1-bc28647cbc75.dcm,PAT_017,STUDY_a10084,CT,2024-01-03,False
/dicom/65570275-9304-489d-ac83-53f1c8586ba3.dcm,PAT_017,STUDY_7b3a56,CT,2024-01-06,False
/dicom/c4ae0ff1-41b1-4b6a-8098-086165a5741d.dcm,PAT_030,STUDY_badb6d,MRI,2024-01-03,False
/dicom/0ce48abf-0566-42fd-9c43-8c765b542820.dcm,PAT_012,STUDY_8c1598,Ultrasound,2024-01-29,False
/dicom/81e3669d-5d63-494b-9e1d-893f2b40f31d.dcm,PAT_043,STUDY_85d3ba,CT,2024-01-30,False
/dicom/d6cde2e5-3c99-4c03-bc17-89e52fa0b0fa.dcm,PAT_021,STUDY_2a1874,Ultrasound,2024-01-24,False
/dicom/b4c04368-0003-435e-8598-5e0d02b17b1e.dcm,PAT_024,STUDY_53fc10,MRI,2024-01-25,False
/dicom/6c30c975-dfc7-4442-9d50-b0e733d0c4d5.dcm,PAT_007,STUDY_e6ea9d,MRI,2024-01-17,False
/dicom/63c74445-52c1-4b97-bfb2-f0536951377a.dcm,PAT_013,STUDY_8606d2,Ultrasound,2024-01-14,False
/dicom/0cb9bf0c-684a-4daa-9dd9-8b4ee9474195.dcm,PAT_039,STUDY_b02eee,Ultrasound,2024-01-26,False
/dicom/b56ef544-af6f-471e-9f56-669b58a2d735.dcm,PAT_012,STUDY_7baf37,Ultrasound,2024-01-18,False
/dicom/383d5c3e-2959-4d67-95a5-dbfcf6424893.dcm,PAT_015,STUDY_ded4db,Ultrasound,2024-01-27,False
/dicom/eaf76575-d587-47a5-8e1d-8e73d576a31c.dcm,PAT_015,STUDY_592dc4,Ultrasound,2024-01-08,False
/dicom/33e2fa1d-7eca-4866-ba95-0e58f972654f.dcm,PAT_004,STUDY_514f89,Ultrasound,2024-01-25,False
/dicom/9521af3e-47f1-4bf4-a045-3b011caab9ef.dcm,PAT_039,STUDY_1ef98e,Ultrasound,2024-01-25,False
/dicom/eab3a278-31a4-42ad-bd2f-7067773f8018.dcm,PAT_015,STUDY_6322cc,CT,2024-01-09,False
/dicom/e503ef7c-5345-482d-8045-dff5acf1e153.dcm,PAT_014,STUDY_cea693,Ultrasound,2024-01-09,False
/dicom/269aa3d0-ee60-4cc8-9fd0-4967cea9ca3f.dcm,PAT_007,STUDY_c114c6,MRI,2024-01-06,True
/dicom/73b82d26-3510-4629-aaa9-e5e73a6eb95a.dcm,PAT_018,STUDY_dca7a9,MRI,2024-01-09,False
/dicom/44a2e846-352c-4cbc-af83-b0cd462d83ad.dcm,PAT_017,STUDY_953871,CT,2024-01-25,False
/dicom/4c249117-7d78-4609-8987-321db0d3d4a7.dcm,PAT_048,STUDY_353ce8,MRI,2024-01-08,False
/dicom/f04c38e3-f765-47f8-bbc4-6cb2df5d750b.dcm,PAT_050,STUDY_0cb4c0,Ultrasound,2024-01-21,False
/dicom/3419682f-df76-4512-b395-3dc96c636feb.dcm,PAT_043,STUDY_20e4a7,CT,2024-01-01,False
/dicom/9bac77cc-e185-4333-8103-1f7ab3c9ce7e.dcm,PAT_010,STUDY_9b1c31,CT,2024-01-18,False
/dicom/9fb2a654-f92b-4b95-b7b7-5a00e572d96b.dcm,PAT_006,STUDY_177d99,Ultrasound,2024-01-30,False
/dicom/abd45e14-9f52-482b-b719-6ab0c2695bae.dcm,PAT_032,STUDY_f8b467,MRI,2024-01-09,False
/dicom/dbf0f854-8ef7-45b8-a2fb-7a6f18d7acae.dcm,PAT_011,STUDY_0b9aa3,MRI,2024-01-18,False
/dicom/be6ce272-504a-4743-bad2-1e09db74a1ec.dcm,PAT_002,STUDY_9c686b,MRI,2024-01-05,True
/dicom/5acc8e39-8087-4302-908e-1766ec6d703d.dcm,PAT_024,STUDY_774724,CT,2024-01-11,False
/dicom/d20cdc34-4e85-4e05-b505-acc89a5e7db2.dcm,PAT_002,STUDY_7b06de,CT,2024-01-14,False
/dicom/3ae49940-ab17-4972-a853-3b806c896360.dcm,PAT_007,STUDY_1339bd,MRI,2024-01-02,True
/dicom/218f6246-31f1-4b9d-a43a-680f3d0e5dcc.dcm,PAT_008,STUDY_b0dc9d,Ultrasound,2024-01-11,False
/dicom/c82c863d-f8df-4ae8-84a8-6611a83dfaa6.dcm,PAT_012,STUDY_033ce5,MRI,2024-01-10,False
/dicom/fb9deb50-ac9c-4716-be30-d3f4d67187ac.dcm,PAT_043,STUDY_16f00e,MRI,2024-01-04,False
/dicom/d7cde50d-3901-4485-b05e-37f532160f58.dcm,PAT_047,STUDY_b17a52,MRI,2024-01-30,False
/dicom/19e1ea06-12a8-4906-bad6-57379533d09f.dcm,PAT_038,STUDY_e1e0b6,CT,2024-01-23,False
/dicom/9b152936-ae2e-4088-88ec-af82eaec511a.dcm,PAT_023,STUDY_7e9f0c,Ultrasound,2024-01-16,False
/dicom/045c63e0-ef6d-4934-ae18-16c475335fa8.dcm,PAT_038,STUDY_a2de4f,CT,2024-01-20,False
/dicom/60a84bf4-5981-4193-896d-f6bbaa0728fe.dcm,PAT_016,STUDY_4d1de7,MRI,2024-01-24,False
/dicom/57470d7d-03d7-4c85-8cd3-b5e8b8df5d0a.dcm,PAT_031,STUDY_e44e10,Ultrasound,2024-01-25,True
/dicom/6a4e1336-9281-4f11-b6d2-96f345d989bf.dcm,PAT_009,STUDY_158f2e,Ultrasound,2024-01-06,False
/dicom/c3039f04-3223-40df-a300-39102e16e474.dcm,PAT_044,STUDY_e0c42e,CT,2024-01-09,False
/dicom/cc5f4c49-c414-4b2a-8ef7-56dd69f6b46e.dcm,PAT_011,STUDY_5f8770,Ultrasound,2024-01-29,False
/dicom/14fb0a45-3441-4953-b993-aea635452226.dcm,PAT_034,STUDY_c5c6fc,Ultrasound,2024-01-11,False
/dicom/5dcf5031-dd08-42a2-9ab6-e84a158e195f.dcm,PAT_027,STUDY_4df90d,CT,2024-01-07,False
/dicom/2bc04f90-5b22-42cf-91ba-0a074645544a.dcm,PAT_007,STUDY_9f6096,CT,2024-01-14,False
/dicom/a95822f3-5e57-40b4-a221-62f0b3b5d66c.dcm,PAT_003,STUDY_f5e91d,MRI,2024-01-01,True
/dicom/4dd6e702-57aa-445e-8c95-44f02211b461.dcm,PAT_042,STUDY_484967,Ultrasound,2024-01-04,False
/dicom/9c3671b3-fb29-4743-acb7-d83d67864c52.dcm,PAT_013,STUDY_6f0ca5,Ultrasound,2024-01-12,False
/dicom/4bb512fc-05c6-485c-a533-7a122a8dc2fe.dcm,PAT_030,STUDY_fc83fd,Ultrasound,2024-01-13,False
/dicom/f6b4d593-4d54-4a5a-9159-c418ec104f11.dcm,PAT_039,STUDY_c1555f,Ultrasound,2024-01-03,False
/dicom/c5918f2b-31b2-45f1-b7fd-133fdb9f6868.dcm,PAT_016,STUDY_fecd79,MRI,2024-01-16,False
/dicom/923eed50-1894-423f-91bb-9f2697bc3e12.dcm,PAT_011,STUDY_2d9bb9,MRI,2024-01-24,False
/dicom/250bcdbb-86f7-49f0-8c18-7da15ae25e0e.dcm,PAT_047,STUDY_6f9236,Ultrasound,2024-01-22,False
/dicom/43a182a0-f7b6-44a4-af5e-235b2327cdaf.dcm,PAT_032,STUDY_d3b078,Ultrasound,2024-01-08,False
/dicom/7ab47d8f-36d9-4e2c-93bb-5ee884c7c878.dcm,PAT_014,STUDY_a85412,CT,2024-01-19,False
/dicom/270cf787-13bc-48c8-a71f-2d026418e693.dcm,PAT_035,STUDY_c60c60,MRI,2024-01-13,False
/dicom/270e75e5-dcc3-4f9c-98d9-b37db204907f.dcm,PAT_015,STUDY_f6e16f,CT,2024-01-09,False
/dicom/e0b96de0-4ff4-4c71-8e91-de504e1ba88e.dcm,PAT_019,STUDY_3e4996,CT,2024-01-20,False
/dicom/154e08f3-2fbe-4ea4-86f9-556e9aa0a119.dcm,PAT_007,STUDY_9f5161,Ultrasound,2024-01-22,False
/dicom/9fdef412-adce-42f1-9486-4cf9078fc5a2.dcm,PAT_023,STUDY_89241f,Ultrasound,2024-01-21,False
/dicom/2c2002d2-ea06-442f-b54e-1c64b90305a0.dcm,PAT_022,STUDY_1e369b,MRI,2024-01-06,False
/dicom/84168ec3-b032-4363-b1b5-ce8a956a53bf.dcm,PAT_031,STUDY_3c75f9,Ultrasound,2024-01-27,False
/dicom/e135d3ea-1e5e-4f8c-9c87-4e38ff71f87b.dcm,PAT_046,STUDY_ce17f6,CT,2024-01-23,False
/dicom/5f101d08-6f21-46f3-afc6-42afd9f52b0b.dcm,PAT_015,STUDY_5a5e8d,Ultrasound,2024-01-30,False
/dicom/c4c931f7-4d90-4e6e-92a3-d680eaf5a5b3.dcm,PAT_014,STUDY_fa2ced,Ultrasound,2024-01-27,False
/dicom/f96a095d-8edd-416a-9399-693bda094225.dcm,PAT_044,STUDY_e4f9d7,MRI,2024-01-06,False
/dicom/69de64b6-dd3b-467d-a193-c1b6f470d978.dcm,PAT_034,STUDY_d57e3e,CT,2024-01-21,False
/dicom/4bc55419-4476-47fb-9fa4-66bdb473fcfb.dcm,PAT_049,STUDY_b97447,CT,2024-01-08,False
/dicom/6becbcad-bb0d-4138-a5f0-561e9f602c13.dcm,PAT_013,STUDY_95601e,Ultrasound,2024-01-05,False
/dicom/bdee4a8d-e586-4e33-9f4b-4297cfe5c12f.dcm,PAT_047,STUDY_23e524,MRI,2024-01-20,False
/dicom/492c6135-fad3-48c9-9c98-2d5591199d18.dcm,PAT_026,STUDY_a60b7f,MRI,2024-01-28,False
/dicom/0a742c0d-14c1-46a4-830a-ece293c8b150.dcm,PAT_001,STUDY_8eee9c,CT,2024-01-30,False
/dicom/8f940551-9766-4689-aace-bfd85d427de3.dcm,PAT_044,STUDY_ca33a9,CT,2024-01-19,False
/dicom/c354e985-ccf7-41cb-b694-64b7b1044d99.dcm,PAT_018,STUDY_dc9d3d,Ultrasound,2024-01-08,False
/dicom/7af76c51-04f8-4cc1-bc8c-9ec654902ec1.dcm,PAT_012,STUDY_13ce86,CT,2024-01-10,False
/dicom/d26dfeac-131b-4f2f-b776-d4f2c5dfa458.dcm,PAT_012,STUDY_7686f8,CT,2024-01-12,False
/dicom/ca383737-2495-48cd-8de1-a3726e69009b.dcm,PAT_029,STUDY_ea4e50,MRI,2024-01-21,False
/dicom/5202b4f3-b644-4465-83ca-255e6f1e70e0.dcm,PAT_033,STUDY_4756dd,CT,2024-01-21,False
/dicom/a5fae700-4234-4612-b8ac-a44e37119d73.dcm,PAT_025,STUDY_39597d,Ultrasound,2024-01-18,False
/dicom/7aa5baa0-8a0a-47d1-9a98-e28cce458cb1.dcm,PAT_011,STUDY_80373a,CT,2024-01-16,False
/dicom/a7cdb2b2-266d-4c96-9d1b-21c0efd5460a.dcm,PAT_038,STUDY_951447,Ultrasound,2024-01-01,False
/dicom/fb30278a-0c1a-433f-a880-7ebc05657d22.dcm,PAT_029,STUDY_c6022f,CT,2024-01-01,False
/dicom/8f2ee8d5-e5fc-439c-8b83-beb419dec888.dcm,PAT_044,STUDY_37929d,Ultrasound,2024-01-10,False
/dicom/580a35a9-2b8b-47b2-a9a5-7ea55c94883d.dcm,PAT_026,STUDY_4fd022,CT,2024-01-27,False
/dicom/eefb568e-cbe9-435c-b8d5-aac24d78b7b3.dcm,PAT_043,STUDY_eff6bf,Ultrasound,2024-01-08,False
/dicom/921fba95-3f98-471d-b78e-bb48a39d9aec.dcm,PAT_009,STUDY_1b7a7d,CT,2024-01-25,False
/dicom/1fcc2afd-a0d6-4a41-b011-f7910ebc5b72.dcm,PAT_049,STUDY_c5fede,CT,2024-01-30,False
/dicom/bed3537e-5785-4447-a55e-bc0ce9a16bf6.dcm,PAT_022,STUDY_0a6153,Ultrasound,2024-01-29,False
/dicom/c34fef0d-ec0f-421f-8f87-341536b68fea.dcm,PAT_045,STUDY_452ef8,MRI,2024-01-16,False
/dicom/706fb77f-1e3a-430e-90d4-909e5e1c6fb4.dcm,PAT_012,STUDY_7c7daf,MRI,2024-01-30,False
/dicom/ed78c190-ff86-4316-9b29-635299e7b4fb.dcm,PAT_003,STUDY_cf216e,CT,2024-01-12,False
/dicom/ec293abe-7c42-47d5-8b38-613c81caf941.dcm,PAT_042,STUDY_2c2ce5,Ultrasound,2024-01-24,False
/dicom/30185822-2e8d-4580-aa9b-9622d8934328.dcm,PAT_044,STUDY_063a42,CT,2024-01-09,False
/dicom/bebf9a4d-635e-46bc-8614-2949cf694fa4.dcm,PAT_020,STUDY_c6cfb3,Ultrasound,2024-01-07,False
/dicom/03c0dedd-028e-4d14-a725-a9054684a5d4.dcm,PAT_006,STUDY_80e88b,CT,2024-01-16,False
/dicom/378ffb8d-c17d-4b7d-a00f-d22082bafd92.dcm,PAT_046,STUDY_bfb03a,Ultrasound,2024-01-29,False
/dicom/4cc4e089-6b89-4f2c-b4b4-af2908c04b5e.dcm,PAT_050,STUDY_e53763,MRI,2024-01-21,False
/dicom/9950f545-7a97-43ed-9772-f5076666e513.dcm,PAT_050,STUDY_b9abd9,MRI,2024-01-12,False
/dicom/f6fa940e-0990-4666-8af0-d739de44ca34.dcm,PAT_042,STUDY_f77487,Ultrasound,2024-01-05,True
/dicom/ebc626cf-de55-4882-987c-0994c057c815.dcm,PAT_045,STUDY_3c44ef,Ultrasound,2024-01-22,False
/dicom/19e7df22-2e03-4285-8c4d-55905efa1054.dcm,PAT_004,STUDY_96cefa,CT,2024-01-23,True
/dicom/5cf0b2b8-db50-417a-a34d-2a19bb2c0315.dcm,PAT_041,STUDY_3d5875,Ultrasound,2024-01-25,False
/dicom/18bb8692-0f22-4547-bbb2-d5d6df5f38a9.dcm,PAT_040,STUDY_9ae994,CT,2024-01-13,False
/dicom/058d27cd-e558-4501-a61e-6fcdecfb5ed3.dcm,PAT_034,STUDY_666bb4,Ultrasound,2024-01-09,False
/dicom/299bc8a1-0756-46e2-8684-50648fc70980.dcm,PAT_018,STUDY_1c3a55,CT,2024-01-02,False
/dicom/a141e8f2-0676-4f15-9fd4-43caccb73379.dcm,PAT_040,STUDY_bb9f71,MRI,2024-01-01,False
/dicom/6ed35adb-e570-46d4-b81b-c40720fcb0e8.dcm,PAT_004,STUDY_d156d2,MRI,2024-01-29,False
/dicom/d8222e59-b22f-4485-a99c-9e6ad98aefcc.dcm,PAT_001,STUDY_e6f7ed,Ultrasound,2024-01-05,False
/dicom/8285e72a-7a0e-40de-8f73-70f82e881fef.dcm,PAT_012,STUDY_c52028,Ultrasound,2024-01-07,False
/dicom/eeb6bb7e-eec0-40ef-a11b-c9804b6c8fce.dcm,PAT_025,STUDY_4fa587,MRI,2024-01-04,False
/dicom/803b25b4-07f8-440f-ba8c-483adea7bb88.dcm,PAT_037,STUDY_5acef0,MRI,2024-01-27,False
/dicom/384efcb2-14f6-4a20-a3f6-cafe220558e0.dcm,PAT_032,STUDY_1073f5,CT,2024-01-30,False
/dicom/054b1e13-7a61-4db2-9d9b-b791f225405b.dcm,PAT_026,STUDY_defd59,CT,2024-01-14,False
/dicom/b962a6a9-faf1-47d8-8a97-6411eb57f5fa.dcm,PAT_012,STUDY_c36e2d,CT,2024-01-05,True
/dicom/15bb0898-14a7-47d4-bc54-48e7fb07c1ee.dcm,PAT_026,STUDY_bc596a,CT,2024-01-16,False
/dicom/2e1c81f1-9852-4976-b46d-c8aae1296ea2.dcm,PAT_048,STUDY_2d9760,Ultrasound,2024-01-12,False
/dicom/c676ec03-4c57-46da-86f0-cbb5b246a7b3.dcm,PAT_006,STUDY_b1d613,Ultrasound,2024-01-15,False
/dicom/10b90fbc-5519-4d98-a19c-9ea260205392.dcm,PAT_005,STUDY_385561,MRI,2024-01-18,False
/dicom/ceef3815-24b8-41ec-9d0d-ef48d9110a7f.dcm,PAT_034,STUDY_5914f9,Ultrasound,2024-01-29,False
/dicom/f1a7dd27-0d90-4172-a8fd-77a245506b84.dcm,PAT_030,STUDY_27f78c,Ultrasound,2024-01-27,False
/dicom/e7efbbab-c6a0-4e34-8f51-ffafa6ad0528.dcm,PAT_001,STUDY_10204e,CT,2024-01-21,False
/dicom/62c6d33c-daaf-436f-a1e8-71271322fe6b.dcm,PAT_011,STUDY_d97e51,Ultrasound,2024-01-07,False
/dicom/29a26697-dc15-4f40-89c7-1abe2185fca9.dcm,PAT_040,STUDY_0cb0ef,Ultrasound,2024-01-26,False
/dicom/62bde946-3e55-4d36-a0e9-23594846af7f.dcm,PAT_037,STUDY_d0bd1b,CT,2024-01-05,False
/dicom/17fea6c4-5d88-4895-877b-304a2d84753b.dcm,PAT_046,STUDY_b4eda4,Ultrasound,2024-01-03,False
/dicom/a06f4a19-fe71-4703-8b5e-d88c4e3a3e40.dcm,PAT_027,STUDY_a8d2cb,Ultrasound,2024-01-21,False
/dicom/01950e99-b9e6-40b5-8d1f-6bc24f87fe5a.dcm,PAT_043,STUDY_7eb67c,Ultrasound,2024-01-01,False
/dicom/bd6d446d-aad9-416d-b756-f54b48ae3144.dcm,PAT_041,STUDY_a79e00,MRI,2024-01-19,False
/dicom/0e6a73a0-008d-45d0-ab59-6d051a421206.dcm,PAT_016,STUDY_93d32b,CT,2024-01-26,False
/dicom/167e9efc-087f-4bf9-a1c4-4c7aa2e2d8ba.dcm,PAT_050,STUDY_87920c,CT,2024-01-08,False
/dicom/247bfc95-4d1b-40d1-85f9-c23088e66379.dcm,PAT_023,STUDY_204614,CT,2024-01-08,False
/dicom/1c5e8cf1-eaf5-447a-ba01-df8ced51d29b.dcm,PAT_046,STUDY_d413b6,MRI,2024-01-26,False
/dicom/3f48bad9-942c-453d-a418-c9ad8306166c.dcm,PAT_029,STUDY_7ea476,CT,2024-01-10,False
/dicom/4e41ada5-f59c-4b32-9c53-c293dd9c617b.dcm,PAT_035,STUDY_5ee20e,Ultrasound,2024-01-18,False
/dicom/1702d6a8-316e-44f3-bca6-bfacdfd8534c.dcm,PAT_025,STUDY_3e66f4,Ultrasound,2024-01-02,True
/dicom/2da8a223-b485-414f-83d0-4df254f6e97b.dcm,PAT_041,STUDY_895b33,MRI,2024-01-29,False
/dicom/3f1b5979-2160-4ff8-adf8-702e51916b9f.dcm,PAT_020,STUDY_b5e6e4,Ultrasound,2024-01-01,False
/dicom/f50875c2-1715-4407-a491-9f4d528fbd59.dcm,PAT_020,STUDY_c38eeb,MRI,2024-01-15,False
/dicom/0f2402df-1fb5-45ae-b5fd-ac3b77f0335d.dcm,PAT_013,STUDY_315a22,MRI,2024-01-19,False
/dicom/9156e652-aa01-4859-abd1-6f6c2d578136.dcm,PAT_015,STUDY_123b16,MRI,2024-01-17,False
/dicom/47944016-8d13-4dec-9e8c-0857f243e813.dcm,PAT_016,STUDY_f37a11,MRI,2024-01-27,False
/dicom/79d8f155-a6fa-496c-8312-affd82379565.dcm,PAT_033,STUDY_bce735,Ultrasound,2024-01-30,False
/dicom/fb88ef70-b6d7-40fc-969d-6709819830d2.dcm,PAT_041,STUDY_ed6731,Ultrasound,2024-01-13,False
/dicom/99b47abe-5cfe-4f5d-9898-a7b84ea75c74.dcm,PAT_045,STUDY_90c275,CT,2024-01-06,False
/dicom/76b7de87-ff82-4757-84e5-329f0f309e82.dcm,PAT_048,STUDY_cf0ac9,MRI,2024-01-23,False
/dicom/a3111ab1-29a2-438b-aab0-ad1c11291e99.dcm,PAT_019,STUDY_a2abdd,CT,2024-01-24,False
/dicom/89bd7a32-5819-40fe-aef8-efe9d307de90.dcm,PAT_041,STUDY_bd4b24,Ultrasound,2024-01-10,False
/dicom/3f2355dd-f754-4188-ac82-d0a46af8a914.dcm,PAT_020,STUDY_43ef59,CT,2024-01-08,False
/dicom/3e707235-4a02-48ab-9050-6ace7d2f5a67.dcm,PAT_003,STUDY_bc5c16,MRI,2024-01-20,False
/dicom/731102ed-10f6-41ca-b6f7-0f5db4db9cfc.dcm,PAT_020,STUDY_8ecd50,CT,2024-01-14,False
/dicom/d930daa6-25aa-4d8d-bcaf-e2eb07ec6933.dcm,PAT_035,STUDY_c2708e,CT,2024-01-12,True
/dicom/74dc586d-70b5-477e-a4eb-02d0b6fdb9f7.dcm,PAT_044,STUDY_7b15eb,Ultrasound,2024-01-08,False
/dicom/882d1b4e-6b29-497b-a55b-4774a5f4485b.dcm,PAT_001,STUDY_eefa52,Ultrasound,2024-01-25,False
/dicom/532c0634-8993-4925-a22d-b280ada7568f.dcm,PAT_048,STUDY_2ea8ae,CT,2024-01-27,False
/dicom/6593fbcd-c7c9-4640-9b58-7d4e3766e816.dcm,PAT_042,STUDY_bd21dd,MRI,2024-01-21,False
/dicom/6881bce2-101b-4b28-8280-b7e7263eb1f0.dcm,PAT_008,STUDY_b065ec,CT,2024-01-08,False
/dicom/696885e9-59c8-4200-965d-316ec2844a06.dcm,PAT_048,STUDY_9550ec,MRI,2024-01-29,False
/dicom/d7b5a1fb-75f9-41fd-8a12-1e36e30483ea.dcm,PAT_042,STUDY_d5d8fb,Ultrasound,2024-01-30,False
/dicom/54f1bab5-4b89-468a-9776-377f71a18574.dcm,PAT_014,STUDY_dd207c,MRI,2024-01-21,False
/dicom/761bc80b-02d8-47f2-9a02-e6ab80ee871e.dcm,PAT_039,STUDY_cb1718,CT,2024-01-21,False
/dicom/b67c5983-df3a-4008-b50c-35d4f8a47138.dcm,PAT_020,STUDY_c02b2a,CT,2024-01-19,False
/dicom/94d34e22-a674-4c32-85fe-32cc548bf30b.dcm,PAT_041,STUDY_31dc6f,Ultrasound,2024-01-05,False
/dicom/cc2593a1-d430-4708-9979-8538ad466549.dcm,PAT_006,STUDY_60fca1,Ultrasound,2024-01-22,True
/dicom/b6747d82-eae4-48ee-8d50-592f8d21fe1e.dcm,PAT_025,STUDY_e9d2b1,Ultrasound,2024-01-13,False
/dicom/55f43d4d-2939-4d04-9c80-d54d4311bb01.dcm,PAT_038,STUDY_c33428,Ultrasound,2024-01-19,False
/dicom/961ac2b9-626e-4922-aa59-7a0cded7ea50.dcm,PAT_037,STUDY_d5d897,MRI,2024-01-19,False
/dicom/23e4118b-774e-4826-b88b-20c180130f69.dcm,PAT_005,STUDY_250544,CT,2024-01-20,False
/dicom/ef6d7d1d-32ef-4d82-acd5-862c2e754e4a.dcm,PAT_015,STUDY_7709d2,MRI,2024-01-06,False
/dicom/9ca23e2a-ccc9-4af9-ae03-fa23c477f6f2.dcm,PAT_008,STUDY_6e0584,Ultrasound,2024-01-10,False
/dicom/fc7d2775-37a4-4ac2-b0c4-b00bb5cad7e5.dcm,PAT_046,STUDY_8cb0ab,MRI,2024-01-17,False
/dicom/776b41dd-f813-41da-9d96-59593cf3b102.dcm,PAT_012,STUDY_4ef783,CT,2024-01-29,False
/dicom/393aec47-ba98-4fcc-af81-05bf1c63c37b.dcm,PAT_010,STUDY_09fafe,CT,2024-01-26,False
/dicom/673c93ff-2ae9-4866-956d-0034d8b8a8c4.dcm,PAT_016,STUDY_aafd96,MRI,2024-01-14,False
/dicom/e7002ec1-e716-48d7-8843-b91d2c8e65c4.dcm,PAT_032,STUDY_261b6a,CT,2024-01-15,False
/dicom/da1ffadc-ff04-4a91-8238-a75889051498.dcm,PAT_022,STUDY_30202c,CT,2024-01-05,False
/dicom/bb7f1285-e83c-45ab-9052-21e42e648c62.dcm,PAT_011,STUDY_e72bfd,MRI,2024-01-18,True
/dicom/f1b59677-8250-4ac5-8104-631fe7cefdc6.dcm,PAT_010,STUDY_cbd2b7,CT,2024-01-02,False
/dicom/e11f1571-fc64-4211-a58e-4cdd185d7908.dcm,PAT_043,STUDY_0b97b8,Ultrasound,2024-01-06,False
/dicom/58046766-e2a7-43e3-afd6-0a293efa3f7a.dcm,PAT_012,STUDY_97b48f,MRI,2024-01-05,False
/dicom/3c02440c-7953-43c5-8a86-6605908e34f6.dcm,PAT_045,STUDY_8da1d1,Ultrasound,2024-01-16,False
/dicom/6f64415d-b9b6-48e3-8506-828d62b20cbc.dcm,PAT_030,STUDY_526add,MRI,2024-01-25,False
/dicom/832f9c58-47f2-4c25-bab5-4932ebf1fe55.dcm,PAT_033,STUDY_207d8f,CT,2024-01-23,False
/dicom/a3ff94c9-1044-42f3-9741-ad2f07a9a454.dcm,PAT_046,STUDY_c50132,Ultrasound,2024-01-01,False
/dicom/976b62a3-f9f1-4b05-bca7-0ec422dfd0cd.dcm,PAT_008,STUDY_32c492,Ultrasound,2024-01-11,False
/dicom/95bbe747-9c08-465d-8cff-8c7653518003.dcm,PAT_043,STUDY_aa7e73,CT,2024-01-23,False
/dicom/85197655-d8bc-442e-8d64-eefbb61b46da.dcm,PAT_019,STUDY_7c83a6,Ultrasound,2024-01-16,False
/dicom/b74faeae-c56c-4ddb-adff-0b58435993d8.dcm,PAT_014,STUDY_177d6f,Ultrasound,2024-01-12,False
/dicom/3e891108-cfa4-4888-a986-c9b08997d3ac.dcm,PAT_031,STUDY_89b8a1,MRI,2024-01-18,False
/dicom/b487fae8-261b-4dbf-8c26-951acf91cdba.dcm,PAT_035,STUDY_f24b03,Ultrasound,2024-01-25,False
/dicom/394d2b44-897a-4197-9ef5-0262c49a2e8f.dcm,PAT_021,STUDY_66c8f6,Ultrasound,2024-01-08,False
/dicom/0ad081b0-3a1c-4d4d-841e-19d63bc8def2.dcm,PAT_012,STUDY_e6ba33,Ultrasound,2024-01-29,False
/dicom/9251b0b0-6b4b-4900-9407-7980e9ee01be.dcm,PAT_002,STUDY_f796a3,MRI,2024-01-09,False
/dicom/7bb0b913-89b6-4982-a578-ba8c8795a679.dcm,PAT_011,STUDY_65f1ef,MRI,2024-01-14,False
/dicom/4873dd4e-c43c-4af4-b704-ac8a2f40cffc.dcm,PAT_029,STUDY_9d2edc,MRI,2024-01-25,False
/dicom/f52842fd-4ed2-49b7-9ae9-661e7f90ab54.dcm,PAT_043,STUDY_ef39ec,Ultrasound,2024-01-23,False
/dicom/f85956c5-bb2e-4118-8ec4-7a471f5fbc35.dcm,PAT_048,STUDY_ad8765,CT,2024-01-23,False
/dicom/0586f24b-aa24-4df7-9011-50f6fc55c9b9.dcm,PAT_030,STUDY_487a3d,MRI,2024-01-17,False
/dicom/d9bce514-55e6-403f-8cb3-4d7472e30797.dcm,PAT_015,STUDY_58031e,CT,2024-01-01,False
/dicom/ffd28931-ea40-46db-a9db-4e20fa637371.dcm,PAT_015,STUDY_5b640a,MRI,2024-01-07,False
/dicom/42561a32-87fb-4d3d-8bc3-27584632e401.dcm,PAT_021,STUDY_a59235,Ultrasound,2024-01-11,False
/dicom/0e52c09f-84c9-4c80-a9dd-d065c96d519c.dcm,PAT_030,STUDY_f80aa1,CT,2024-01-27,False
/dicom/be923fb0-0c89-4b99-aec2-8c457d8186ba.dcm,PAT_020,STUDY_1f21bb,Ultrasound,2024-01-29,False
/dicom/39318e0c-c82b-4b5a-a4b6-ab386f5ba869.dcm,PAT_013,STUDY_7f7300,CT,2024-01-14,False
/dicom/3442e625-739a-47e6-964a-55b4be34da90.dcm,PAT_037,STUDY_1c7480,MRI,2024-01-26,False
/dicom/9f7c38f3-a864-430a-86ef-9677ff8bc898.dcm,PAT_044,STUDY_c342d6,MRI,2024-01-18,False
/dicom/ee10510f-5ce9-4939-85a9-2052857e0a66.dcm,PAT_014,STUDY_428535,Ultrasound,2024-01-15,False
/dicom/b8adb081-8ca3-44ae-ad10-6c66c0c31508.dcm,PAT_006,STUDY_9398a6,Ultrasound,2024-01-14,False
/dicom/18bcb744-7a42-4ecd-8a70-bc954fe4f2ce.dcm,PAT_012,STUDY_803324,CT,2024-01-10,False
/dicom/cf3a186b-1dc7-4709-a7d2-42ced3a20056.dcm,PAT_031,STUDY_5a2609,CT,2024-01-13,False
/dicom/9e0a8a40-29be-4252-8a36-a2aace6d0ec3.dcm,PAT_025,STUDY_bafcf0,Ultrasound,2024-01-16,False
/dicom/24633a22-8ba8-429f-bae2-bb8559428632.dcm,PAT_034,STUDY_a6b425,CT,2024-01-11,False
/dicom/0657fcf1-52be-424c-8969-b4f55fe9bea0.dcm,PAT_015,STUDY_88bfa0,MRI,2024-01-02,False
/dicom/b5419b51-6408-43a9-9c23-10a5925597b0.dcm,PAT_005,STUDY_519779,CT,2024-01-05,False
/dicom/c882c497-7187-44cc-bf0b-10fc622eb19d.dcm,PAT_010,STUDY_c639af,CT,2024-01-24,False
/dicom/62d529fe-e756-4e8b-b5a8-f6db9c26f655.dcm,PAT_005,STUDY_0c5f46,CT,2024-01-16,False
/dicom/724d01a5-f8d9-4684-98b2-23b505820342.dcm,PAT_037,STUDY_75fea2,Ultrasound,2024-01-02,False
/dicom/3e11d927-1d1b-42c5-bb01-82f8fd19c4dd.dcm,PAT_042,STUDY_9595d8,CT,2024-01-12,False
/dicom/5ecdc22f-f403-471b-b73f-c6c7f23de01e.dcm,PAT_003,STUDY_223d20,CT,2024-01-23,True
/dicom/2e5d1377-bdf5-4fcb-bb94-46b86d5c815e.dcm,PAT_030,STUDY_380def,CT,2024-01-03,False
/dicom/c50072b0-79dd-4564-907f-0b718680f871.dcm,PAT_027,STUDY_a1b2bb,CT,2024-01-28,False
/dicom/fa1b442b-7a0d-4c98-9ff3-b5bf83e79281.dcm,PAT_046,STUDY_b73371,Ultrasound,2024-01-02,False
/dicom/c9ad6dfe-e5d3-4c2b-9471-d5aa7a05ae4f.dcm,PAT_034,STUDY_d854a3,Ultrasound,2024-01-18,False
/dicom/326c18a8-8be9-472a-a1e0-11d9411bd13b.dcm,PAT_015,STUDY_8bbcda,MRI,2024-01-08,False
/dicom/f1779cf7-0bd5-46b2-aa96-ebb3f794d290.dcm,PAT_040,STUDY_eabdef,CT,2024-01-18,False
/dicom/de6f64f3-de86-43f3-88cf-99b9f520d8ac.dcm,PAT_013,STUDY_7bdfc2,MRI,2024-01-13,False
/dicom/97203392-2972-4015-9479-06bf13c7f501.dcm,PAT_050,STUDY_996637,MRI,2024-01-30,False
/dicom/dcceea3b-5ae5-4f10-b44f-94b0be29125c.dcm,PAT_020,STUDY_96912d,CT,2024-01-05,False
/dicom/5f69b275-ffc7-439f-a36e-6ff01f529a98.dcm,PAT_005,STUDY_eefe83,CT,2024-01-01,False
/dicom/97d75580-963e-4d59-818d-54d14dd81c50.dcm,PAT_031,STUDY_85a3ac,MRI,2024-01-07,False
/dicom/3a601381-40ca-4a57-8bdd-2d88e0fd8ed8.dcm,PAT_039,STUDY_7809e1,Ultrasound,2024-01-18,False
/dicom/70f4366b-bf51-4c7c-859b-58fb1b864313.dcm,PAT_015,STUDY_d128e3,MRI,2024-01-12,False
/dicom/721b4aab-0d07-47dd-83e5-d2c3cb8e8f33.dcm,PAT_014,STUDY_7fb88c,MRI,2024-01-15,False
/dicom/869b8741-be56-4217-94f5-07fc22cfeda0.dcm,PAT_046,STUDY_4f06e5,MRI,2024-01-06,False
/dicom/d799fc36-57d8-4d2b-abcc-ba4208a1bd03.dcm,PAT_045,STUDY_17d6b6,CT,2024-01-10,False
/dicom/4a543070-e770-4213-a228-e9e0f6a57246.dcm,PAT_018,STUDY_5a0eb8,MRI,2024-01-26,True
/dicom/336171e3-35ce-438c-be31-b06d646caa09.dcm,PAT_010,STUDY_045dfe,MRI,2024-01-06,False
/dicom/a5a891c6-943e-496b-bcb9-d807e255586c.dcm,PAT_009,STUDY_747e4c,MRI,2024-01-09,False
/dicom/55c12368-d63f-4631-b9f1-f7481205c3f7.dcm,PAT_006,STUDY_2a2c64,MRI,2024-01-24,False
/dicom/99ac93a5-61c2-4c8e-bf60-8bb5e89ae6b3.dcm,PAT_046,STUDY_4fdaaf,CT,2024-01-28,False
/dicom/a30ed0f2-1afd-44e9-83d9-21230424116c.dcm,PAT_025,STUDY_f4f58c,CT,2024-01-21,False
/dicom/a5c4d0cc-e2d7-4ca7-b285-0848ae869633.dcm,PAT_047,STUDY_854267,MRI,2024-01-20,False
/dicom/39fb1e74-8a87-427c-9ce9-770802de0c5f.dcm,PAT_023,STUDY_5d7f5a,CT,2024-01-13,False
/dicom/96f487e3-9b99-4482-9485-9acbeed55363.dcm,PAT_042,STUDY_8f27d0,CT,2024-01-21,False
/dicom/ce823839-efa0-4ff6-bd3d-f791e6b7d3e0.dcm,PAT_042,STUDY_13a082,CT,2024-01-27,False
/dicom/b269a233-1219-4cc0-afd2-b6069356b49c.dcm,PAT_028,STUDY_2caf52,Ultrasound,2024-01-13,False
/dicom/efeb6b40-4ff8-4046-92e9-1b4ee0513ec9.dcm,PAT_006,STUDY_38cba1,Ultrasound,2024-01-09,False
/dicom/fa3672ca-b420-41e8-bd1e-8d167efe916c.dcm,PAT_031,STUDY_a6498b,Ultrasound,2024-01-01,False
/dicom/3045714e-b4c0-49ef-b682-50f0068bf402.dcm,PAT_028,STUDY_ed6848,MRI,2024-01-01,True
/dicom/671cc34e-96af-4e4c-89b5-3f1670f3912e.dcm,PAT_017,STUDY_e55baf,CT,2024-01-11,False
/dicom/9a9fee7d-5805-4b8b-8a5b-f5b1f32098ff.dcm,PAT_010,STUDY_ba2569,MRI,2024-01-09,False
/dicom/aca53332-444e-4e4d-88bb-3f0210e4a226.dcm,PAT_025,STUDY_1d57f3,CT,2024-01-09,False
/dicom/325e77ef-3e11-495c-a29a-a8fc64498af6.dcm,PAT_041,STUDY_6bdacd,MRI,2024-01-08,False
/dicom/fed42dd4-42af-41e5-bca2-73e36b9c2181.dcm,PAT_038,STUDY_3446b4,CT,2024-01-18,False
/dicom/cf85563a-2062-4213-bd4f-daf38b821091.dcm,PAT_018,STUDY_2ff633,Ultrasound,2024-01-20,False
/dicom/2ba4017b-df6e-4d17-bbba-db85f3885aac.dcm,PAT_026,STUDY_599e00,CT,2024-01-03,False
/dicom/21f9a911-e46e-482e-aef2-5f8936c316d9.dcm,PAT_034,STUDY_0a4e58,CT,2024-01-29,False
/dicom/681d57c5-d152-4567-9157-308457c03ff2.dcm,PAT_041,STUDY_b4dd35,MRI,2024-01-09,False
/dicom/b54f84ad-28c3-40ae-83b7-569b9c463aa9.dcm,PAT_006,STUDY_0beefa,MRI,2024-01-11,False
/dicom/dd3475ff-5b30-474b-a5b4-722c8f43365f.dcm,PAT_029,STUDY_da5446,Ultrasound,2024-01-06,False
/dicom/4171dc9d-85be-403c-9b56-894fbbb3bcda.dcm,PAT_013,STUDY_8ee1e5,CT,2024-01-14,False
/dicom/6bb77d66-5d78-4341-bcfa-6e55d5a3f025.dcm,PAT_045,STUDY_6319eb,Ultrasound,2024-01-02,False
/dicom/9ce6147c-29c0-4bee-ae1a-d5b2ecf02423.dcm,PAT_027,STUDY_ff7a0f,MRI,2024-01-06,False
/dicom/593283c9-9f6f-486b-87d7-c9e96d044806.dcm,PAT_043,STUDY_6f28d3,MRI,2024-01-30,False
/dicom/d2ffc10d-72de-4151-9cbd-dd3ef9a89952.dcm,PAT_010,STUDY_a95ef9,MRI,2024-01-08,False
/dicom/17a3b16e-c009-41bf-9a79-a9574dd86e27.dcm,PAT_016,STUDY_c892c2,Ultrasound,2024-01-07,False
/dicom/91f19acd-d618-455f-b272-f4df182d55fa.dcm,PAT_034,STUDY_20c343,MRI,2024-01-22,False
/dicom/fc37f126-bdb0-481c-a617-1c03905b67a7.dcm,PAT_036,STUDY_33ba10,MRI,2024-01-01,False
/dicom/83bb2310-bab1-4ad8-bbd1-d9f5ba15742a.dcm,PAT_038,STUDY_af0497,MRI,2024-01-08,False
/dicom/92c9d4c0-588b-44cb-91ac-2104e220145f.dcm,PAT_005,STUDY_1a72db,Ultrasound,2024-01-12,False
/dicom/d60c497d-54cd-49a6-aa83-528d13b5a94d.dcm,PAT_047,STUDY_c26712,MRI,2024-01-30,True
/dicom/88fc30d7-5981-46c3-afe6-45b01ef826a7.dcm,PAT_006,STUDY_ff9ece,MRI,2024-01-09,False
/dicom/2856748e-e786-4217-b94b-18477b3b8e37.dcm,PAT_016,STUDY_6df53c,MRI,2024-01-16,False
/dicom/c15b4b23-7b43-436a-99a5-94080acfc7a8.dcm,PAT_005,STUDY_341bb0,CT,2024-01-03,False
/dicom/c9d3ac6b-8146-40ae-a784-a645b3ef0d7b.dcm,PAT_017,STUDY_3aa429,CT,2024-01-08,False
/dicom/7329d68d-8b25-4fea-9c86-fd75277b5b98.dcm,PAT_037,STUDY_a2332e,MRI,2024-01-18,False
/dicom/7b7d9cb0-c48d-44b9-b9f8-69cabd2142cd.dcm,PAT_037,STUDY_bec648,Ultrasound,2024-01-01,False
/dicom/10d6a5b3-031e-4423-b6d2-f9da294896a4.dcm,PAT_045,STUDY_d1b8f5,MRI,2024-01-29,False
/dicom/ef717c84-57d2-455c-abdb-076ad647a2f1.dcm,PAT_042,STUDY_d127cf,MRI,2024-01-27,False
/dicom/f65c9901-2570-4496-a099-0adb4ebf3a31.dcm,PAT_021,STUDY_1bbdab,CT,2024-01-11,False
/dicom/8a79ecd5-0e3e-4c5c-bfd0-65e2f1d6b599.dcm,PAT_003,STUDY_33e973,MRI,2024-01-29,False
/dicom/0fb33ee4-eef2-4db6-8324-2f66f0faf8a4.dcm,PAT_048,STUDY_5c955a,Ultrasound,2024-01-25,False
/dicom/512f9e62-a8bf-475a-9035-827e34162bb2.dcm,PAT_024,STUDY_a71ca5,Ultrasound,2024-01-21,False
/dicom/4709b934-db7b-43d1-a343-5569287f6940.dcm,PAT_049,STUDY_4139ed,MRI,2024-01-09,False
/dicom/eea39f2a-a938-4da1-b20f-62cab75a18c9.dcm,PAT_008,STUDY_c5d9d1,MRI,2024-01-19,False
/dicom/dd5a8a3d-2bdf-440f-b5a7-b255b8404ea2.dcm,PAT_025,STUDY_18f9c2,MRI,2024-01-04,False
/dicom/03c21040-81d9-4da0-bcbd-374fb3bf10c9.dcm,PAT_044,STUDY_f7760d,MRI,2024-01-01,False
/dicom/8888ad91-3c57-4c14-a0f9-846d360c41a2.dcm,PAT_045,STUDY_11396a,CT,2024-01-23,False
/dicom/52d11592-39cb-4920-b4aa-9835fe2dcbce.dcm,PAT_028,STUDY_42b6ba,Ultrasound,2024-01-05,False
/dicom/1f2fddb1-ff7e-48e2-bcf3-0585ac0d3c5e.dcm,PAT_035,STUDY_39ee2d,Ultrasound,2024-01-14,False
/dicom/14521aed-ae4e-43dc-9e87-2499b2031c9c.dcm,PAT_010,STUDY_c7ff6c,CT,2024-01-15,False
/dicom/c003b7b5-9dbd-4879-972b-e6d0f8de3d0e.dcm,PAT_046,STUDY_1c0d17,Ultrasound,2024-01-12,False
/dicom/4f9afac7-6392-4873-99f9-6e506e4a0a2b.dcm,PAT_006,STUDY_26973a,Ultrasound,2024-01-15,False
/dicom/ee631c81-ffff-486f-b242-820f1c279e40.dcm,PAT_017,STUDY_8cf7ea,MRI,2024-01-22,False
/dicom/18b4c7d1-2ea9-4fde-bda3-e994585f063d.dcm,PAT_016,STUDY_9b208f,CT,2024-01-01,False
/dicom/d96e0bb6-72d8-4436-9135-fbbe4deade22.dcm,PAT_034,STUDY_b16d93,MRI,2024-01-12,False
/dicom/2308c2a0-7854-4ad7-ba28-ba4ddec0a543.dcm,PAT_020,STUDY_754d3c,MRI,2024-01-15,False
/dicom/8d62b5db-7ce1-45f6-b967-e46eb513cd29.dcm,PAT_006,STUDY_0e81da,CT,2024-01-16,False
/dicom/17a51d54-b0f5-4876-897a-cf2808a283b4.dcm,PAT_007,STUDY_b3dd0b,MRI,2024-01-18,False
/dicom/feb130eb-e44b-420f-b846-ee342244a99f.dcm,PAT_033,STUDY_a17120,CT,2024-01-13,False
/dicom/7a7885ec-0a52-4054-9d23-7d87e5ddc068.dcm,PAT_046,STUDY_5460a2,MRI,2024-01-20,False
/dicom/de4f3d02-d6f4-4a63-a75d-488bdacb2399.dcm,PAT_038,STUDY_123ee1,Ultrasound,2024-01-09,True
/dicom/366c33f0-c783-4c30-ad33-a70007925bfb.dcm,PAT_042,STUDY_f525e7,MRI,2024-01-19,False
/dicom/0d70d41a-91f7-4a89-99f7-6be105722972.dcm,PAT_015,STUDY_c76ec7,CT,2024-01-09,False
/dicom/fc94e8a6-0104-4660-9475-05112853eb1a.dcm,PAT_020,STUDY_1442a3,Ultrasound,2024-01-27,False
/dicom/b1d9b511-e3ab-4ef8-a057-11d8a6da3efe.dcm,PAT_037,STUDY_84376a,CT,2024-01-18,False
/dicom/373d917d-3032-4f6a-a50b-48356bdc50f2.dcm,PAT_023,STUDY_c07597,MRI,2024-01-26,False
/dicom/cd54d527-15dd-49fb-ab71-ad06f7df3f8f.dcm,PAT_007,STUDY_6ae3be,Ultrasound,2024-01-17,False
/dicom/790b3cf7-507e-4c15-bb70-462d43804e38.dcm,PAT_034,STUDY_23316b,Ultrasound,2024-01-06,False
/dicom/b0cbaa76-3ed5-4936-bc1d-80c3a1d6775a.dcm,PAT_019,STUDY_e0f4fc,Ultrasound,2024-01-07,False
/dicom/ba066037-bc4e-4936-9944-a24696a3aa58.dcm,PAT_009,STUDY_d2341d,Ultrasound,2024-01-22,True
/dicom/a018c9e6-c3b6-4403-b1a3-785131d04e95.dcm,PAT_005,STUDY_e9816c,MRI,2024-01-02,False
/dicom/079b69ef-775e-461f-b523-a6335ed534d1.dcm,PAT_030,STUDY_c0104b,Ultrasound,2024-01-23,False
/dicom/95258b26-631c-4427-8743-294d0a808a25.dcm,PAT_032,STUDY_0a7097,CT,2024-01-30,False
/dicom/80ceaf42-f308-402a-8470-295570ae9ceb.dcm,PAT_019,STUDY_a0334c,CT,2024-01-24,False
/dicom/39e0a1dc-dca2-43a1-a870-7c31457abc28.dcm,PAT_048,STUDY_a4470e,CT,2024-01-28,False
/dicom/3c3d5b7a-5ef9-4948-a064-6172e5dbc482.dcm,PAT_050,STUDY_efc5ad,MRI,2024-01-13,False
/dicom/8f89d61b-8e91-40a6-bd4c-4abff2dea166.dcm,PAT_010,STUDY_b30619,CT,2024-01-04,False
/dicom/60878fc4-e9db-4028-beba-d5049492a1bb.dcm,PAT_014,STUDY_dcd5fb,Ultrasound,2024-01-01,False
/dicom/81fc8319-4b00-4982-bbd7-b238cbfc1ce8.dcm,PAT_016,STUDY_5c1d92,MRI,2024-01-13,False
/dicom/a9e9c582-7927-44d8-9212-febb548bafb7.dcm,PAT_005,STUDY_c9ae30,MRI,2024-01-11,True
/dicom/414edf39-d0f5-41ed-8fa4-7931be735d63.dcm,PAT_040,STUDY_aa1a17,Ultrasound,2024-01-15,False
/dicom/ade2d790-3a0c-4d41-8491-8e5c931f0d52.dcm,PAT_013,STUDY_df2a24,Ultrasound,2024-01-21,False
/dicom/b864eecf-9e95-4261-bcc8-0ee80796b92a.dcm,PAT_012,STUDY_cb9f29,Ultrasound,2024-01-09,False
/dicom/f62db77c-d12b-49a0-973e-8cd9349d9900.dcm,PAT_042,STUDY_a1c6bf,Ultrasound,2024-01-08,False
/dicom/1450bfce-d4b0-4067-a392-a82240fc3522.dcm,PAT_041,STUDY_98922c,CT,2024-01-19,False
/dicom/b970922c-f498-4221-9a15-d23bc742cf2d.dcm,PAT_005,STUDY_60f332,CT,2024-01-13,False
/dicom/d0e34a12-b97f-415f-a401-c4cca0014121.dcm,PAT_034,STUDY_315a42,MRI,2024-01-20,False
/dicom/bc548091-993f-4d61-a004-56d9181cc0a9.dcm,PAT_031,STUDY_fc82f9,CT,2024-01-20,False
/dicom/a093d65a-4a06-460a-9a2c-a2c721ae43af.dcm,PAT_046,STUDY_81a450,MRI,2024-01-20,True
/dicom/36bfe781-c6dc-457a-9f9c-20460c7ac673.dcm,PAT_013,STUDY_4a0627,MRI,2024-01-25,False
/dicom/b8ab3b7c-b142-4f73-971f-3b091c4204f7.dcm,PAT_021,STUDY_84c301,Ultrasound,2024-01-27,False
/dicom/aa87ee48-4d7a-46cd-a49a-a07aa360a5b6.dcm,PAT_019,STUDY_0c2eb7,Ultrasound,2024-01-20,False
/dicom/3ca75689-7fda-4169-b059-f33adbb1fa15.dcm,PAT_045,STUDY_2ad2ae,MRI,2024-01-07,False
/dicom/2a49657d-36b1-4528-9f86-a53b16bf7c2d.dcm,PAT_012,STUDY_8d05d4,MRI,2024-01-03,False
/dicom/27380802-de96-4c7f-8377-225358ba54d6.dcm,PAT_041,STUDY_08079f,CT,2024-01-25,False
/dicom/0915305c-d85d-4dc9-b6cd-9bd701730cd4.dcm,PAT_014,STUDY_f9cd91,CT,2024-01-14,False
/dicom/23cc17b7-b1a5-4080-92da-badf203921e0.dcm,PAT_034,STUDY_a2065c,CT,2024-01-30,False
/dicom/1b6249df-58dd-42d4-8060-6850baefa4cf.dcm,PAT_013,STUDY_7c4728,CT,2024-01-01,False
/dicom/885585c0-560d-4e2e-8dc1-39bb676f9a92.dcm,PAT_008,STUDY_0250b6,CT,2024-01-06,False
/dicom/332efd90-894e-457d-9666-49e1715bd176.dcm,PAT_008,STUDY_ddcc61,MRI,2024-01-22,False
/dicom/42462d96-2c13-4b06-b4ba-fe6129ab21c8.dcm,PAT_021,STUDY_ef5668,MRI,2024-01-20,False
/dicom/fed60194-6116-4474-b309-9adfa6bd454a.dcm,PAT_031,STUDY_fedec3,MRI,2024-01-09,False
/dicom/2abeb2ac-ceb1-4757-8259-61112e899903.dcm,PAT_014,STUDY_a4d98e,CT,2024-01-08,False
/dicom/dcdc747e-0e65-48e6-9f42-3fc72ad42e31.dcm,PAT_027,STUDY_d39592,CT,2024-01-27,False
/dicom/a9422954-b912-49f2-84de-ad25ac9fc643.dcm,PAT_039,STUDY_376e3f,CT,2024-01-16,False
/dicom/a1ca0ac6-1f9b-4ba4-b6ac-a4e7b4fce240.dcm,PAT_033,STUDY_f2ef8c,MRI,2024-01-29,False
/dicom/cf8dc1c4-bda2-4623-9dcb-3fe3c8620570.dcm,PAT_024,STUDY_340d29,Ultrasound,2024-01-11,False
/dicom/8784fb9b-3755-463f-9bd4-4fad7510b19b.dcm,PAT_024,STUDY_d84a09,CT,2024-01-10,False
/dicom/9260eb8f-9a88-44a8-8e7c-cd0e4ae6f2e5.dcm,PAT_048,STUDY_eec85e,MRI,2024-01-29,True
/dicom/1b3cfc0e-92ef-4f03-ae9f-03e1c7c1b831.dcm,PAT_006,STUDY_8d9b96,CT,2024-01-30,False
/dicom/3d8c606b-5e76-428a-97c2-4cafb30ad3e8.dcm,PAT_010,STUDY_3ff9a1,CT,2024-01-20,False
/dicom/a1d62b7c-f0c7-4a6b-9507-aa595b49e35e.dcm,PAT_020,STUDY_2d646a,CT,2024-01-07,False
/dicom/113cc654-e566-4978-87ab-5b20ee7aad68.dcm,PAT_034,STUDY_320432,MRI,2024-01-30,False
/dicom/15f4cd1e-9c0f-4bea-ac20-3a9135327fe0.dcm,PAT_030,STUDY_af74b4,CT,2024-01-29,False
/dicom/520dbddf-0c77-4a05-a7a8-4c87ba0745e7.dcm,PAT_013,STUDY_ff4ea0,MRI,2024-01-22,False
/dicom/e98931cc-dd82-4eb0-99d5-7a4b69eed549.dcm,PAT_012,STUDY_a98d29,CT,2024-01-12,False
/dicom/b846d5a1-edb8-4d1c-8416-bb8e778b23a2.dcm,PAT_002,STUDY_378eba,MRI,2024-01-17,False
/dicom/71e23df2-b9a4-4a3a-af8e-bbc12abac650.dcm,PAT_030,STUDY_d43ff7,CT,2024-01-08,False
/dicom/4532cb8c-ed00-48ec-85e7-aba52030d83e.dcm,PAT_005,STUDY_3bdb17,MRI,2024-01-04,False
/dicom/04b0c296-ada5-4bae-ac34-0be4d65c4160.dcm,PAT_044,STUDY_3863a4,Ultrasound,2024-01-10,False
/dicom/5fde8ccf-27b9-4ea2-965b-2457f1587325.dcm,PAT_012,STUDY_7e1217,CT,2024-01-05,False
/dicom/981f9add-c397-4a94-a929-b94ab0c10f0a.dcm,PAT_004,STUDY_93e416,MRI,2024-01-28,False
/dicom/b3c5b5cb-5fb1-41bb-93a9-4d7b91c2ce84.dcm,PAT_043,STUDY_10620e,Ultrasound,2024-01-09,False
/dicom/c6d324f7-d9ed-473e-b068-e9727d0a9094.dcm,PAT_047,STUDY_e707c6,CT,2024-01-12,False
/dicom/3cffd826-2467-4ea0-a2fb-c54d504b94ba.dcm,PAT_028,STUDY_c95211,CT,2024-01-18,False
/dicom/eb4f6cbe-8191-44ca-a1d7-89f6a9bc5b3b.dcm,PAT_012,STUDY_442873,CT,2024-01-19,False
/dicom/5d68b724-6137-4de7-8cf5-735c39e3d23f.dcm,PAT_020,STUDY_55e556,MRI,2024-01-27,False
/dicom/8beda33c-b483-45d6-92ed-b56c3020d386.dcm,PAT_012,STUDY_24021c,MRI,2024-01-13,False
/dicom/41b1ff41-2090-478a-b963-fecb5b2e30e2.dcm,PAT_019,STUDY_d5b6a6,Ultrasound,2024-01-12,False
/dicom/9b4dcf1a-1f28-4a30-b381-a25202e65ff8.dcm,PAT_020,STUDY_edce9f,MRI,2024-01-01,False
/dicom/7b45874a-9e66-4320-b704-14375d6cd60e.dcm,PAT_005,STUDY_fd10f1,CT,2024-01-26,False
/dicom/2687d18d-2fbf-4317-990b-b09c5bc7ed14.dcm,PAT_015,STUDY_c04ec4,MRI,2024-01-10,False
/dicom/652733e3-d04a-430e-9745-aa9134aaf49a.dcm,PAT_029,STUDY_0a5a0b,CT,2024-01-06,False
/dicom/7bfb5ca6-633c-4bba-939a-8bc5fb400b53.dcm,PAT_043,STUDY_2e2bb6,CT,2024-01-26,False
/dicom/795c1432-5e48-4305-946c-99b353d80961.dcm,PAT_025,STUDY_8087eb,CT,2024-01-29,False
/dicom/dd81b4aa-a1ef-4835-834a-4d019b5fe58b.dcm,PAT_022,STUDY_8c9bb7,Ultrasound,2024-01-02,False
/dicom/d554dde8-bec6-4ac8-82a7-2637131e00c0.dcm,PAT_005,STUDY_367860,CT,2024-01-29,False
/dicom/9f13f99e-3862-4950-8482-34e1c1b410e4.dcm,PAT_030,STUDY_196d2d,MRI,2024-01-17,False
/dicom/6d9b59fd-71d8-4eb1-bc00-d6808dfcf5b3.dcm,PAT_022,STUDY_8d5b63,MRI,2024-01-16,False
/dicom/ea722b4e-49ec-4672-a25a-cb1d8f97a7e9.dcm,PAT_009,STUDY_216f22,Ultrasound,2024-01-07,False
/dicom/3ec3060d-6bd3-4d4e-bceb-a47657d5c90d.dcm,PAT_050,STUDY_a106ab,Ultrasound,2024-01-04,False
/dicom/0795a9c2-240e-458d-9a74-5cae98102c8a.dcm,PAT_032,STUDY_24ed34,MRI,2024-01-10,False
/dicom/a675ebf0-9048-4015-9647-4e15144f8066.dcm,PAT_038,STUDY_fc5704,MRI,2024-01-12,False
/dicom/0a13b32c-c314-4085-a376-d758f2c411fd.dcm,PAT_038,STUDY_896a83,MRI,2024-01-22,False
/dicom/3722424b-199e-4c0c-ab80-98f4ba8c4edd.dcm,PAT_014,STUDY_27d8df,CT,2024-01-19,False
/dicom/c3a80e96-12bc-41b7-ae61-9493f4eb9177.dcm,PAT_037,STUDY_27928a,CT,2024-01-06,False
/dicom/e64a5907-e127-4d7f-9388-e8042b8c0d6f.dcm,PAT_026,STUDY_4e8298,CT,2024-01-23,False
/dicom/bd7a6751-9c79-456e-b753-8fb9e9b3931b.dcm,PAT_041,STUDY_e7a54d,Ultrasound,2024-01-28,False
/dicom/396395b0-8c4f-4943-a432-17b13807a90b.dcm,PAT_024,STUDY_365792,CT,2024-01-15,False
/dicom/30c53c3b-a7a3-44c8-bd85-810465e87c3b.dcm,PAT_040,STUDY_bafb8f,MRI,2024-01-11,False
/dicom/4056a11d-7e1e-48b6-a668-3cbda542fbf9.dcm,PAT_021,STUDY_6313f2,MRI,2024-01-12,False
/dicom/073a2a16-7bbf-4624-b41b-942fe49d865e.dcm,PAT_004,STUDY_67189c,Ultrasound,2024-01-03,False
/dicom/9f7ec456-25df-4fa3-908d-bfc72c736aea.dcm,PAT_046,STUDY_a2b30d,MRI,2024-01-04,False
/dicom/30a0c883-9730-42bd-9589-0e1da905aacc.dcm,PAT_026,STUDY_0c5ac5,MRI,2024-01-22,False
/dicom/bc84348c-9e06-49d7-befb-8e17ec93d5cb.dcm,PAT_008,STUDY_55020f,MRI,2024-01-03,False
/dicom/692ee6ea-5c41-4862-abc1-f72db2656f5f.dcm,PAT_025,STUDY_9e2163,CT,2024-01-20,False
/dicom/e0619305-9df7-46f8-982f-e5f809b3c8f1.dcm,PAT_009,STUDY_c1b3c2,MRI,2024-01-10,False
/dicom/55801bf1-6f2c-4cce-a06f-9361a94cd30b.dcm,PAT_033,STUDY_af6ddf,MRI,2024-01-15,False
/dicom/cf6fdda3-f7d8-443f-86f7-86dbe5e005a1.dcm,PAT_007,STUDY_72c701,CT,2024-01-10,False
/dicom/f4e49aa4-106b-47df-9b57-77e5a626a1f2.dcm,PAT_038,STUDY_b80b11,CT,2024-01-28,False
/dicom/185044f1-b9e1-4070-9584-7f79670105ce.dcm,PAT_010,STUDY_bafc22,MRI,2024-01-17,False
/dicom/8b3e1831-fa38-419c-8b6c-c5282e47c11b.dcm,PAT_048,STUDY_52854d,CT,2024-01-25,False
/dicom/3ccc1e09-1ce8-4eb3-9052-76777a095ab5.dcm,PAT_030,STUDY_e3bbe4,Ultrasound,2024-01-30,False
/dicom/a44a54c5-ddb5-4e15-b1df-1c8eb43ada44.dcm,PAT_026,STUDY_a322fa,CT,2024-01-29,False
/dicom/061db665-6c8f-4ea8-91f1-4ac911c4ea02.dcm,PAT_037,STUDY_57d8ad,CT,2024-01-28,False
/dicom/33f14bd1-4ac3-4070-b9d9-e0022b6929cd.dcm,PAT_002,STUDY_a6bf26,MRI,2024-01-14,True
/dicom/05352966-d354-491e-8151-a6e4aef5df9b.dcm,PAT_012,STUDY_85b445,Ultrasound,2024-01-07,False
/dicom/dbcc753b-131f-4216-b29c-960cf2b839a8.dcm,PAT_017,STUDY_ad134d,CT,2024-01-12,False
/dicom/53f75f47-f4cd-40b5-a1a4-3ce0acca0419.dcm,PAT_041,STUDY_599e9a,CT,2024-01-17,False
/dicom/a548fc8c-8e17-48d3-ab3c-a1049338d07b.dcm,PAT_005,STUDY_e29ebe,CT,2024-01-29,False
/dicom/42d752f9-654c-4f7b-8d20-a7b45851f095.dcm,PAT_027,STUDY_41c1a3,MRI,2024-01-14,False
/dicom/d5b44872-f18b-4833-802b-521068901a71.dcm,PAT_019,STUDY_3560c1,MRI,2024-01-21,False
/dicom/2b80afab-69e0-4576-90cb-6cbfca4eaf52.dcm,PAT_030,STUDY_7f8188,MRI,2024-01-22,False
/dicom/aa1f798b-9f09-46bf-98f3-a9b133869541.dcm,PAT_014,STUDY_e566fd,CT,2024-01-23,False
/dicom/086bfe53-5f79-41bc-8e3c-5de222d98af8.dcm,PAT_045,STUDY_983cbe,MRI,2024-01-29,False
/dicom/7b592c2a-9f5f-48d1-8ea4-ec2bca4943a6.dcm,PAT_016,STUDY_aeaa8d,MRI,2024-01-20,False
/dicom/cecb23da-3ebe-463c-8eb5-3c6b0f576a61.dcm,PAT_030,STUDY_87890d,MRI,2024-01-20,False
/dicom/8f631abd-47dd-442d-81e8-53c3d8362331.dcm,PAT_048,STUDY_4d57a6,Ultrasound,2024-01-22,False
/dicom/abac2429-7764-4f9d-b027-8d93987e2d46.dcm,PAT_029,STUDY_6c12de,Ultrasound,2024-01-22,False
/dicom/4dfb9df5-6a06-4299-b174-652409c76895.dcm,PAT_009,STUDY_acbcbe,CT,2024-01-10,False
/dicom/d1f3e8e6-215b-4457-8487-4d64442d98b9.dcm,PAT_042,STUDY_bd63ac,Ultrasound,2024-01-24,False
/dicom/4b44d5d4-cf6f-486e-946a-767fd87c9150.dcm,PAT_040,STUDY_ef35d3,Ultrasound,2024-01-24,False
/dicom/a26ba3f5-add0-4c19-8155-3438deb94071.dcm,PAT_012,STUDY_02fe6b,Ultrasound,2024-01-18,False
/dicom/578c198b-74ae-4d39-9e1e-bdba7e0fb106.dcm,PAT_019,STUDY_5ecb67,Ultrasound,2024-01-12,False
/dicom/0c0a4e50-dbdf-492b-864e-8f7728a9f6ea.dcm,PAT_033,STUDY_745838,Ultrasound,2024-01-04,False
/dicom/6c31479d-085d-4ee7-8566-87ee878c7308.dcm,PAT_004,STUDY_88de34,MRI,2024-01-13,False
/dicom/8811e41e-70fb-418b-b2ca-3a440b305a89.dcm,PAT_042,STUDY_93dd5f,MRI,2024-01-18,False
/dicom/a89bb970-f508-4a17-9398-e7d7d3d8ba18.dcm,PAT_046,STUDY_7d1b8f,Ultrasound,2024-01-13,False
/dicom/149c9f14-138f-4a92-b8e7-3eb1efa3f588.dcm,PAT_041,STUDY_5f64be,Ultrasound,2024-01-22,False
/dicom/09d616ef-c320-4aeb-9b73-4e06771e9a7d.dcm,PAT_020,STUDY_ec1866,CT,2024-01-18,False
/dicom/c3c265ca-aece-4efc-947a-762f683bd192.dcm,PAT_024,STUDY_6607f4,MRI,2024-01-18,False
/dicom/2bcd982f-b2e9-40b3-97bf-174ca06608a7.dcm,PAT_024,STUDY_5dfbad,Ultrasound,2024-01-12,False
/dicom/824e670e-e6b8-4452-b0a5-8d1b2cf7cd65.dcm,PAT_034,STUDY_56fb9f,Ultrasound,2024-01-04,False
/dicom/398d9f87-9ae7-4ca1-9eb2-30e8c87fbc6a.dcm,PAT_015,STUDY_8cedc6,CT,2024-01-22,False
/dicom/bb86f16b-2b47-4772-b6dc-3103b6a6111a.dcm,PAT_006,STUDY_059de6,CT,2024-01-08,False
/dicom/b62c907e-db15-4662-a02a-becd80e235a3.dcm,PAT_050,STUDY_d0be11,CT,2024-01-24,False
/dicom/d574e6e5-4e4a-4af6-b5c1-d26da2ed6c3d.dcm,PAT_049,STUDY_9e5ccd,MRI,2024-01-06,False
/dicom/7df39178-8900-4779-85c4-ba14e3b86d0f.dcm,PAT_047,STUDY_60601c,Ultrasound,2024-01-12,False
/dicom/3f1ad697-0681-4e31-b82d-86b6bc1deefb.dcm,PAT_032,STUDY_89bedf,CT,2024-01-01,False
/dicom/56534fd7-12fc-494d-a8b4-344bdc282ebe.dcm,PAT_016,STUDY_9db33e,Ultrasound,2024-01-29,False
/dicom/5354e859-82d2-4654-ae66-c8b0f26815d6.dcm,PAT_026,STUDY_67ce05,CT,2024-01-14,False
/dicom/b484a93c-2f61-44b9-8a99-74448f382d12.dcm,PAT_002,STUDY_f0b342,CT,2024-01-13,False
/dicom/5272ccb3-e72b-4870-ab10-76f2e4e749ef.dcm,PAT_039,STUDY_1e9012,CT,2024-01-27,False
/dicom/691c3a39-d04f-429d-94ee-442726513535.dcm,PAT_005,STUDY_49ea00,CT,2024-01-13,False
/dicom/39eb25da-ca26-46e0-bb27-9a9c7eff339e.dcm,PAT_014,STUDY_55d68d,MRI,2024-01-02,False
/dicom/cb9a0f89-954d-41b4-bd9d-295ccfca11ab.dcm,PAT_027,STUDY_e321d3,MRI,2024-01-18,False
/dicom/27d01d23-d22b-4f4a-bd52-005beac5e926.dcm,PAT_024,STUDY_fb4d4d,CT,2024-01-01,False
/dicom/7a5c1048-712c-4140-b05e-31b161990f4e.dcm,PAT_038,STUDY_b2ae1f,MRI,2024-01-21,False
/dicom/f1f72cd8-fd51-4ea7-80f7-89240dbb6039.dcm,PAT_005,STUDY_f37178,Ultrasound,2024-01-04,False
/dicom/cea0a780-3a07-4480-8725-523b6eae0b01.dcm,PAT_049,STUDY_dad06c,CT,2024-01-22,False
/dicom/5fb36fe3-d979-45c4-aff0-b18aee775d76.dcm,PAT_018,STUDY_001396,CT,2024-01-23,False
/dicom/4fbea423-2651-4b39-8d8e-915d9857afe7.dcm,PAT_038,STUDY_f750ba,CT,2024-01-18,False
/dicom/dfac5b95-23f0-40b2-8625-db9ae567f2e0.dcm,PAT_010,STUDY_bb93c8,Ultrasound,2024-01-10,False
/dicom/da10c6a5-afca-4f6d-8a1b-bb818006d094.dcm,PAT_036,STUDY_e1b7ee,MRI,2024-01-30,False
/dicom/34a93430-0142-4259-bd72-45a98bd9d861.dcm,PAT_003,STUDY_1cca35,Ultrasound,2024-01-04,False
/dicom/9845706f-100a-4fdb-953e-5257773a175a.dcm,PAT_033,STUDY_c4d9a7,CT,2024-01-07,False
/dicom/37edd177-cac6-4899-92d1-78c6d0c4f5a1.dcm,PAT_025,STUDY_ed288a,Ultrasound,2024-01-20,False
/dicom/e11f4c28-17f1-4d13-bb33-33381f5e38fa.dcm,PAT_010,STUDY_37466b,MRI,2024-01-09,False
/dicom/4901927c-066f-4aa2-9b0e-26651bdb1f27.dcm,PAT_033,STUDY_c7a3c7,MRI,2024-01-23,False
/dicom/d6647a34-3ff7-4e2d-a857-4b894ce09a86.dcm,PAT_044,STUDY_8726ed,MRI,2024-01-30,False
/dicom/b71e979d-5f39-4ab2-938f-551f585480e5.dcm,PAT_018,STUDY_21313e,Ultrasound,2024-01-22,False
/dicom/8c87245b-901a-4594-9e5f-ed3528e12ea5.dcm,PAT_026,STUDY_017a16,Ultrasound,2024-01-06,False
/dicom/a24c2c49-b459-4a24-8043-defb14e6774f.dcm,PAT_009,STUDY_5b5cda,MRI,2024-01-04,False
/dicom/3cb8f925-b4bd-4ee4-9dc5-a4648bb443fe.dcm,PAT_022,STUDY_51692c,MRI,2024-01-12,False
/dicom/31b13a09-18c6-46ed-9216-b7a8c2d0752f.dcm,PAT_020,STUDY_f351cd,Ultrasound,2024-01-21,False
/dicom/279839ee-2c54-4987-94b7-5d60fd55b4b1.dcm,PAT_031,STUDY_490523,CT,2024-01-10,False
/dicom/aa6a03eb-4675-4ef5-b566-35ab0d303d80.dcm,PAT_032,STUDY_c119a2,Ultrasound,2024-01-24,False
/dicom/652d7c3a-0d99-4493-9049-67267df7cfcb.dcm,PAT_032,STUDY_c37751,Ultrasound,2024-01-11,False
/dicom/1c1ca9bc-988a-4be9-bca6-ea8f4ad4af1f.dcm,PAT_027,STUDY_f84c23,Ultrasound,2024-01-04,False
/dicom/7e669228-d24c-4a2f-a389-3dc6a1180ec6.dcm,PAT_002,STUDY_19495c,CT,2024-01-10,False
/dicom/226ba3a1-9e9d-4461-9d52-1194c8c0234b.dcm,PAT_003,STUDY_ca6b5b,MRI,2024-01-21,False
/dicom/9baaaf50-ae13-4235-9900-81f90ae1ca3e.dcm,PAT_017,STUDY_5b4894,MRI,2024-01-30,False
/dicom/70e3303a-e5ab-4ac9-b77d-ed7413bd70a4.dcm,PAT_023,STUDY_10fb0f,Ultrasound,2024-01-15,False
/dicom/550ded66-f293-4b4c-86ed-e0028152092f.dcm,PAT_036,STUDY_ccf6a6,MRI,2024-01-26,False
/dicom/4667a4ad-ce5b-4646-aeb7-f6ca22e0fff0.dcm,PAT_042,STUDY_f42a78,MRI,2024-01-29,False
/dicom/8d59ab6b-6965-4a49-a32e-791b3eadacb4.dcm,PAT_030,STUDY_db15e9,CT,2024-01-30,True
/dicom/7a70c77f-4faa-4fc9-8eed-ffb14186d0f9.dcm,PAT_026,STUDY_781058,MRI,2024-01-09,False
/dicom/8dade7c5-977e-46e9-8fe5-94b45e224fcf.dcm,PAT_001,STUDY_eb32f2,Ultrasound,2024-01-18,False
/dicom/4b4ac47d-2260-4ae1-aa13-c9527528b5a9.dcm,PAT_010,STUDY_7f158e,CT,2024-01-19,False
/dicom/3dd65e85-73aa-4b5b-8966-44925be760fe.dcm,PAT_034,STUDY_460749,CT,2024-01-08,False
/dicom/b971f164-6101-4a4e-978d-65e30dc9de1b.dcm,PAT_020,STUDY_f997e3,CT,2024-01-29,False
/dicom/fbc8156d-bc53-4dee-b692-d1806e88985d.dcm,PAT_020,STUDY_4a8844,CT,2024-01-24,False
/dicom/a9983721-7f49-4a9c-a7e1-c209d13d6b4e.dcm,PAT_034,STUDY_d025b7,MRI,2024-01-15,False
/dicom/3afc1349-c563-4c08-976c-26c85c140fdd.dcm,PAT_018,STUDY_43def4,CT,2024-01-01,False
/dicom/c133cd6a-89b5-4219-82cc-a8096f027579.dcm,PAT_027,STUDY_33f781,CT,2024-01-08,False
/dicom/a5e91924-4e49-43e0-bfab-6b0bdf1e18d6.dcm,PAT_025,STUDY_695033,MRI,2024-01-05,False
/dicom/05f5ed2a-30b2-4abe-9584-e759bfbc9170.dcm,PAT_014,STUDY_aea786,MRI,2024-01-29,False
/dicom/d8a59eab-4bbb-46f7-8dee-e715569b086c.dcm,PAT_007,STUDY_359068,Ultrasound,2024-01-16,False
/dicom/b3350cb9-42b4-4d4b-99fd-f97b5f39fdeb.dcm,PAT_035,STUDY_16d0bd,MRI,2024-01-15,False
/dicom/ef5b5483-5e3a-44d3-aef4-f94b1c611ac0.dcm,PAT_024,STUDY_105acf,CT,2024-01-18,False
/dicom/95c8b755-1834-4970-b813-5f0172a5e632.dcm,PAT_045,STUDY_6c221f,MRI,2024-01-21,False
/dicom/b3f166cd-6bba-4e4f-9d59-fbdca309b73c.dcm,PAT_029,STUDY_4fa00f,MRI,2024-01-04,False
/dicom/ea450193-6089-44aa-b9da-9c0f5276cc06.dcm,PAT_037,STUDY_a2dee3,MRI,2024-01-30,False
/dicom/fecdade1-9ae0-41c0-8ac6-182fa3bb1665.dcm,PAT_009,STUDY_7146fd,Ultrasound,2024-01-29,False
/dicom/80a5e2c2-6a94-4cbf-8694-3f2b99d0692d.dcm,PAT_032,STUDY_e6a279,MRI,2024-01-11,True
/dicom/06e40f29-b30b-4433-bf08-1e2b797ec81d.dcm,PAT_041,STUDY_d3b6de,CT,2024-01-21,False
/dicom/0058e656-fdc8-479c-9577-cb22038ba443.dcm,PAT_007,STUDY_66490f,Ultrasound,2024-01-08,False
/dicom/3eed2e57-cbc2-4c79-aedc-6ea6e72f96e2.dcm,PAT_045,STUDY_7505c1,Ultrasound,2024-01-05,False
/dicom/06b3b96d-f012-447c-b7c3-bdf8b2d28026.dcm,PAT_048,STUDY_db1991,Ultrasound,2024-01-28,False
/dicom/e9ff961a-0823-4dc0-9cef-e15e84e23704.dcm,PAT_049,STUDY_09c347,Ultrasound,2024-01-22,False
/dicom/e8aac750-987e-41ba-842b-7b6fa35dd446.dcm,PAT_003,STUDY_f6dfae,CT,2024-01-02,False
/dicom/5b6ac14d-75ef-43e6-b4bf-67584a8083a8.dcm,PAT_045,STUDY_e0dfa3,CT,2024-01-01,False
/dicom/9b374d49-7065-416d-8d71-efb4cf97fece.dcm,PAT_027,STUDY_ae40a0,MRI,2024-01-30,False
/dicom/4b2715c0-84d2-43f8-a04a-bab1dfba0ee5.dcm,PAT_010,STUDY_b2c075,MRI,2024-01-01,False
/dicom/55a9cec2-25a3-41df-a124-a16d75567ebd.dcm,PAT_038,STUDY_b0a022,MRI,2024-01-18,False
/dicom/c77646f7-1468-4c17-b74e-1a86d4d94c05.dcm,PAT_022,STUDY_282bac,MRI,2024-01-03,False
/dicom/f9591911-c018-42c0-b55f-621da3ca1aa9.dcm,PAT_020,STUDY_901b21,CT,2024-01-21,False
/dicom/18cc6dbd-a775-496f-be9a-c1633dfe8d6d.dcm,PAT_017,STUDY_6cee16,CT,2024-01-21,False
/dicom/863af770-6092-45e5-9df8-c1e115ca4178.dcm,PAT_002,STUDY_67099f,MRI,2024-01-21,False
/dicom/87a2ac39-ab78-4e06-8264-8d05e4d71ce1.dcm,PAT_039,STUDY_98edc2,MRI,2024-01-02,True
